model_name,case_id,repeat_id,dataset,prediction,confidence,ground_truth,n_judge_opinions
openrouter/google/gemma-2-9b-it,0,1,nlsy97,YES,65.0,True,6
openrouter/google/gemma-2-9b-it,0,2,nlsy97,YES,65.0,True,6
openrouter/google/gemma-2-9b-it,0,3,nlsy97,YES,65.0,True,6
openrouter/google/gemma-2-9b-it,10,1,nlsy97,YES,65.0,False,6
openrouter/google/gemma-2-9b-it,10,2,nlsy97,YES,65.0,False,6
openrouter/google/gemma-2-9b-it,10,3,nlsy97,NO,60.0,False,6
openrouter/google/gemma-2-9b-it,11,1,nlsy97,YES,60.0,False,6
openrouter/google/gemma-2-9b-it,11,2,nlsy97,YES,60.0,False,6
openrouter/google/gemma-2-9b-it,11,3,nlsy97,YES,60.0,False,4
openrouter/google/gemma-2-9b-it,12,1,nlsy97,YES,65.0,False,6
openrouter/google/gemma-2-9b-it,12,2,nlsy97,YES,75.0,False,6
openrouter/google/gemma-2-9b-it,12,3,nlsy97,YES,65.0,False,6
openrouter/google/gemma-2-9b-it,13,1,nlsy97,YES,65.0,False,6
openrouter/google/gemma-2-9b-it,13,2,nlsy97,YES,65.0,False,6
openrouter/google/gemma-2-9b-it,13,3,nlsy97,NO,60.0,False,5
openrouter/google/gemma-2-9b-it,14,1,nlsy97,NO,65.0,True,6
openrouter/google/gemma-2-9b-it,14,2,nlsy97,NO,75.0,True,5
openrouter/google/gemma-2-9b-it,14,3,nlsy97,NO,75.0,True,5
openrouter/google/gemma-2-9b-it,15,1,nlsy97,NO,65.0,False,5
openrouter/google/gemma-2-9b-it,15,2,nlsy97,NO,65.0,False,6
openrouter/google/gemma-2-9b-it,15,3,nlsy97,NO,55.0,False,6
openrouter/google/gemma-2-9b-it,16,1,nlsy97,NO,65.0,False,6
openrouter/google/gemma-2-9b-it,16,2,nlsy97,NO,65.0,False,6
openrouter/google/gemma-2-9b-it,16,3,nlsy97,NO,75.0,False,4
openrouter/google/gemma-2-9b-it,17,1,nlsy97,YES,65.0,False,5
openrouter/google/gemma-2-9b-it,17,2,nlsy97,YES,65.0,False,6
openrouter/google/gemma-2-9b-it,17,3,nlsy97,YES,65.0,False,4
openrouter/google/gemma-2-9b-it,18,1,nlsy97,NO,60.0,False,5
openrouter/google/gemma-2-9b-it,18,2,nlsy97,NO,65.0,False,5
openrouter/google/gemma-2-9b-it,18,3,nlsy97,NO,55.0,False,5
openrouter/google/gemma-2-9b-it,19,1,nlsy97,YES,65.0,False,6
openrouter/google/gemma-2-9b-it,19,2,nlsy97,YES,65.0,False,6
openrouter/google/gemma-2-9b-it,19,3,nlsy97,YES,70.0,False,6
openrouter/google/gemma-2-9b-it,1,1,nlsy97,YES,65.0,False,6
openrouter/google/gemma-2-9b-it,1,2,nlsy97,YES,65.0,False,6
openrouter/google/gemma-2-9b-it,1,3,nlsy97,YES,65.0,False,6
openrouter/google/gemma-2-9b-it,20,1,nlsy97,YES,60.0,True,6
openrouter/google/gemma-2-9b-it,20,2,nlsy97,NO,75.0,True,5
openrouter/google/gemma-2-9b-it,20,3,nlsy97,NO,75.0,True,6
openrouter/google/gemma-2-9b-it,21,1,nlsy97,YES,65.0,True,5
openrouter/google/gemma-2-9b-it,21,2,nlsy97,NO,60.0,True,5
openrouter/google/gemma-2-9b-it,21,3,nlsy97,YES,65.0,True,6
openrouter/google/gemma-2-9b-it,22,1,nlsy97,YES,65.0,False,6
openrouter/google/gemma-2-9b-it,22,2,nlsy97,NO,60.0,False,5
openrouter/google/gemma-2-9b-it,22,3,nlsy97,YES,65.0,False,6
openrouter/google/gemma-2-9b-it,23,1,nlsy97,YES,65.0,True,5
openrouter/google/gemma-2-9b-it,23,2,nlsy97,YES,65.0,True,5
openrouter/google/gemma-2-9b-it,23,3,nlsy97,YES,65.0,True,6
openrouter/google/gemma-2-9b-it,24,1,nlsy97,NO,60.0,False,6
openrouter/google/gemma-2-9b-it,24,2,nlsy97,YES,60.0,False,5
openrouter/google/gemma-2-9b-it,24,3,nlsy97,NO,75.0,False,6
openrouter/google/gemma-2-9b-it,25,1,nlsy97,NO,75.0,True,6
openrouter/google/gemma-2-9b-it,25,2,nlsy97,YES,65.0,True,6
openrouter/google/gemma-2-9b-it,25,3,nlsy97,YES,65.0,True,6
openrouter/google/gemma-2-9b-it,26,1,nlsy97,YES,65.0,False,6
openrouter/google/gemma-2-9b-it,26,2,nlsy97,YES,65.0,False,6
openrouter/google/gemma-2-9b-it,26,3,nlsy97,YES,65.0,False,6
openrouter/google/gemma-2-9b-it,27,1,nlsy97,NO,60.0,False,6
openrouter/google/gemma-2-9b-it,27,2,nlsy97,NO,60.0,False,6
openrouter/google/gemma-2-9b-it,27,3,nlsy97,NO,60.0,False,6
openrouter/google/gemma-2-9b-it,28,1,nlsy97,YES,75.0,True,6
openrouter/google/gemma-2-9b-it,28,2,nlsy97,YES,65.0,True,6
openrouter/google/gemma-2-9b-it,28,3,nlsy97,YES,75.0,True,6
openrouter/google/gemma-2-9b-it,29,1,nlsy97,NO,65.0,False,5
openrouter/google/gemma-2-9b-it,29,2,nlsy97,NO,65.0,False,6
openrouter/google/gemma-2-9b-it,29,3,nlsy97,NO,75.0,False,6
openrouter/google/gemma-2-9b-it,2,1,nlsy97,NO,65.0,True,6
openrouter/google/gemma-2-9b-it,2,2,nlsy97,NO,55.0,True,6
openrouter/google/gemma-2-9b-it,2,3,nlsy97,NO,55.0,True,5
openrouter/google/gemma-2-9b-it,30,1,nlsy97,YES,65.0,True,5
openrouter/google/gemma-2-9b-it,30,2,nlsy97,YES,65.0,True,6
openrouter/google/gemma-2-9b-it,30,3,nlsy97,NO,75.0,True,6
openrouter/google/gemma-2-9b-it,31,1,nlsy97,YES,65.0,True,6
openrouter/google/gemma-2-9b-it,31,2,nlsy97,NO,60.0,True,6
openrouter/google/gemma-2-9b-it,31,3,nlsy97,YES,65.0,True,6
openrouter/google/gemma-2-9b-it,32,1,nlsy97,NO,75.0,False,5
openrouter/google/gemma-2-9b-it,32,2,nlsy97,NO,60.0,False,4
openrouter/google/gemma-2-9b-it,32,3,nlsy97,NO,60.0,False,6
openrouter/google/gemma-2-9b-it,33,1,nlsy97,NO,65.0,False,6
openrouter/google/gemma-2-9b-it,33,2,nlsy97,YES,65.0,False,5
openrouter/google/gemma-2-9b-it,33,3,nlsy97,NO,65.0,False,6
openrouter/google/gemma-2-9b-it,34,1,nlsy97,YES,65.0,True,6
openrouter/google/gemma-2-9b-it,34,2,nlsy97,YES,65.0,True,6
openrouter/google/gemma-2-9b-it,34,3,nlsy97,YES,75.0,True,6
openrouter/google/gemma-2-9b-it,35,1,nlsy97,NO,60.0,True,5
openrouter/google/gemma-2-9b-it,35,2,nlsy97,YES,65.0,True,5
openrouter/google/gemma-2-9b-it,35,3,nlsy97,NO,55.0,True,6
openrouter/google/gemma-2-9b-it,36,1,nlsy97,NO,60.0,False,5
openrouter/google/gemma-2-9b-it,36,2,nlsy97,NO,60.0,False,6
openrouter/google/gemma-2-9b-it,36,3,nlsy97,NO,65.0,False,6
openrouter/google/gemma-2-9b-it,37,1,nlsy97,NO,60.0,False,5
openrouter/google/gemma-2-9b-it,37,2,nlsy97,NO,65.0,False,5
openrouter/google/gemma-2-9b-it,37,3,nlsy97,NO,75.0,False,6
openrouter/google/gemma-2-9b-it,38,1,nlsy97,YES,65.0,True,6
openrouter/google/gemma-2-9b-it,38,2,nlsy97,YES,65.0,True,6
openrouter/google/gemma-2-9b-it,38,3,nlsy97,YES,65.0,True,6
openrouter/google/gemma-2-9b-it,39,1,nlsy97,NO,65.0,False,6
openrouter/google/gemma-2-9b-it,39,2,nlsy97,NO,65.0,False,5
openrouter/google/gemma-2-9b-it,39,3,nlsy97,NO,65.0,False,5
openrouter/google/gemma-2-9b-it,3,1,nlsy97,NO,65.0,False,5
openrouter/google/gemma-2-9b-it,3,2,nlsy97,NO,65.0,False,5
openrouter/google/gemma-2-9b-it,3,3,nlsy97,NO,65.0,False,6
openrouter/google/gemma-2-9b-it,40,1,nlsy97,NO,75.0,False,6
openrouter/google/gemma-2-9b-it,40,2,nlsy97,NO,60.0,False,6
openrouter/google/gemma-2-9b-it,40,3,nlsy97,NO,55.0,False,5
openrouter/google/gemma-2-9b-it,41,1,nlsy97,NO,65.0,False,6
openrouter/google/gemma-2-9b-it,41,2,nlsy97,NO,75.0,False,4
openrouter/google/gemma-2-9b-it,41,3,nlsy97,NO,65.0,False,4
openrouter/google/gemma-2-9b-it,42,1,nlsy97,NO,65.0,True,6
openrouter/google/gemma-2-9b-it,42,2,nlsy97,NO,65.0,True,5
openrouter/google/gemma-2-9b-it,42,3,nlsy97,NO,65.0,True,6
openrouter/google/gemma-2-9b-it,43,1,nlsy97,YES,65.0,True,6
openrouter/google/gemma-2-9b-it,43,2,nlsy97,NO,60.0,True,5
openrouter/google/gemma-2-9b-it,43,3,nlsy97,NO,65.0,True,6
openrouter/google/gemma-2-9b-it,44,1,nlsy97,NO,75.0,False,6
openrouter/google/gemma-2-9b-it,44,2,nlsy97,NO,65.0,False,6
openrouter/google/gemma-2-9b-it,44,3,nlsy97,NO,75.0,False,5
openrouter/google/gemma-2-9b-it,45,1,nlsy97,YES,65.0,True,6
openrouter/google/gemma-2-9b-it,45,2,nlsy97,YES,65.0,True,6
openrouter/google/gemma-2-9b-it,45,3,nlsy97,NO,60.0,True,6
openrouter/google/gemma-2-9b-it,46,1,nlsy97,YES,65.0,False,6
openrouter/google/gemma-2-9b-it,46,2,nlsy97,YES,60.0,False,6
openrouter/google/gemma-2-9b-it,46,3,nlsy97,YES,65.0,False,6
openrouter/google/gemma-2-9b-it,47,1,nlsy97,YES,60.0,True,5
openrouter/google/gemma-2-9b-it,47,2,nlsy97,YES,65.0,True,6
openrouter/google/gemma-2-9b-it,47,3,nlsy97,YES,65.0,True,5
openrouter/google/gemma-2-9b-it,48,1,nlsy97,NO,60.0,False,6
openrouter/google/gemma-2-9b-it,48,2,nlsy97,NO,65.0,False,6
openrouter/google/gemma-2-9b-it,48,3,nlsy97,NO,65.0,False,6
openrouter/google/gemma-2-9b-it,49,1,nlsy97,NO,65.0,True,6
openrouter/google/gemma-2-9b-it,49,2,nlsy97,NO,65.0,True,4
openrouter/google/gemma-2-9b-it,49,3,nlsy97,NO,55.0,True,6
openrouter/google/gemma-2-9b-it,4,1,nlsy97,NO,75.0,False,6
openrouter/google/gemma-2-9b-it,4,2,nlsy97,NO,60.0,False,6
openrouter/google/gemma-2-9b-it,4,3,nlsy97,NO,60.0,False,6
openrouter/google/gemma-2-9b-it,50,1,nlsy97,NO,55.0,True,6
openrouter/google/gemma-2-9b-it,50,2,nlsy97,NO,55.0,True,5
openrouter/google/gemma-2-9b-it,50,3,nlsy97,YES,65.0,True,6
openrouter/google/gemma-2-9b-it,51,1,nlsy97,NO,65.0,False,6
openrouter/google/gemma-2-9b-it,51,2,nlsy97,NO,65.0,False,5
openrouter/google/gemma-2-9b-it,51,3,nlsy97,NO,65.0,False,5
openrouter/google/gemma-2-9b-it,52,1,nlsy97,NO,75.0,True,6
openrouter/google/gemma-2-9b-it,52,2,nlsy97,YES,65.0,True,6
openrouter/google/gemma-2-9b-it,52,3,nlsy97,YES,60.0,True,6
openrouter/google/gemma-2-9b-it,53,1,nlsy97,NO,55.0,False,5
openrouter/google/gemma-2-9b-it,53,2,nlsy97,NO,75.0,False,6
openrouter/google/gemma-2-9b-it,53,3,nlsy97,YES,65.0,False,6
openrouter/google/gemma-2-9b-it,54,1,nlsy97,YES,65.0,True,6
openrouter/google/gemma-2-9b-it,54,2,nlsy97,YES,65.0,True,6
openrouter/google/gemma-2-9b-it,54,3,nlsy97,YES,65.0,True,6
openrouter/google/gemma-2-9b-it,55,1,nlsy97,YES,70.0,False,6
openrouter/google/gemma-2-9b-it,55,2,nlsy97,YES,65.0,False,6
openrouter/google/gemma-2-9b-it,55,3,nlsy97,YES,65.0,False,6
openrouter/google/gemma-2-9b-it,56,1,nlsy97,YES,65.0,False,6
openrouter/google/gemma-2-9b-it,56,2,nlsy97,NO,60.0,False,5
openrouter/google/gemma-2-9b-it,56,3,nlsy97,YES,60.0,False,6
openrouter/google/gemma-2-9b-it,57,1,nlsy97,YES,75.0,True,6
openrouter/google/gemma-2-9b-it,57,2,nlsy97,YES,65.0,True,6
openrouter/google/gemma-2-9b-it,57,3,nlsy97,YES,70.0,True,6
openrouter/google/gemma-2-9b-it,58,1,nlsy97,YES,65.0,True,6
openrouter/google/gemma-2-9b-it,58,2,nlsy97,YES,75.0,True,6
openrouter/google/gemma-2-9b-it,58,3,nlsy97,YES,65.0,True,6
openrouter/google/gemma-2-9b-it,59,1,nlsy97,YES,65.0,False,6
openrouter/google/gemma-2-9b-it,59,2,nlsy97,YES,65.0,False,6
openrouter/google/gemma-2-9b-it,59,3,nlsy97,YES,65.0,False,6
openrouter/google/gemma-2-9b-it,5,1,nlsy97,NO,75.0,False,6
openrouter/google/gemma-2-9b-it,5,2,nlsy97,NO,65.0,False,5
openrouter/google/gemma-2-9b-it,5,3,nlsy97,NO,65.0,False,6
openrouter/google/gemma-2-9b-it,60,1,nlsy97,YES,65.0,False,6
openrouter/google/gemma-2-9b-it,60,2,nlsy97,YES,65.0,False,6
openrouter/google/gemma-2-9b-it,60,3,nlsy97,YES,60.0,False,6
openrouter/google/gemma-2-9b-it,61,1,nlsy97,NO,65.0,False,5
openrouter/google/gemma-2-9b-it,61,2,nlsy97,NO,75.0,False,6
openrouter/google/gemma-2-9b-it,61,3,nlsy97,NO,70.0,False,6
openrouter/google/gemma-2-9b-it,62,1,nlsy97,NO,65.0,False,6
openrouter/google/gemma-2-9b-it,62,2,nlsy97,NO,65.0,False,4
openrouter/google/gemma-2-9b-it,62,3,nlsy97,NO,65.0,False,5
openrouter/google/gemma-2-9b-it,63,1,nlsy97,YES,65.0,False,6
openrouter/google/gemma-2-9b-it,63,2,nlsy97,YES,65.0,False,6
openrouter/google/gemma-2-9b-it,63,3,nlsy97,YES,65.0,False,6
openrouter/google/gemma-2-9b-it,64,1,nlsy97,NO,60.0,False,6
openrouter/google/gemma-2-9b-it,64,2,nlsy97,NO,65.0,False,5
openrouter/google/gemma-2-9b-it,64,3,nlsy97,NO,65.0,False,5
openrouter/google/gemma-2-9b-it,65,1,nlsy97,NO,65.0,False,5
openrouter/google/gemma-2-9b-it,65,2,nlsy97,NO,65.0,False,5
openrouter/google/gemma-2-9b-it,65,3,nlsy97,NO,65.0,False,6
openrouter/google/gemma-2-9b-it,66,1,nlsy97,YES,65.0,True,6
openrouter/google/gemma-2-9b-it,66,2,nlsy97,YES,65.0,True,6
openrouter/google/gemma-2-9b-it,66,3,nlsy97,YES,65.0,True,6
openrouter/google/gemma-2-9b-it,67,1,nlsy97,NO,65.0,False,5
openrouter/google/gemma-2-9b-it,67,2,nlsy97,YES,65.0,False,4
openrouter/google/gemma-2-9b-it,67,3,nlsy97,YES,60.0,False,6
openrouter/google/gemma-2-9b-it,68,1,nlsy97,NO,65.0,True,5
openrouter/google/gemma-2-9b-it,68,2,nlsy97,YES,65.0,True,5
openrouter/google/gemma-2-9b-it,68,3,nlsy97,NO,65.0,True,6
openrouter/google/gemma-2-9b-it,69,1,nlsy97,YES,65.0,False,6
openrouter/google/gemma-2-9b-it,69,2,nlsy97,NO,65.0,False,4
openrouter/google/gemma-2-9b-it,69,3,nlsy97,NO,55.0,False,6
openrouter/google/gemma-2-9b-it,6,1,nlsy97,NO,75.0,False,6
openrouter/google/gemma-2-9b-it,6,2,nlsy97,NO,65.0,False,6
openrouter/google/gemma-2-9b-it,6,3,nlsy97,NO,65.0,False,5
openrouter/google/gemma-2-9b-it,70,1,nlsy97,NO,75.0,False,6
openrouter/google/gemma-2-9b-it,70,2,nlsy97,NO,65.0,False,5
openrouter/google/gemma-2-9b-it,70,3,nlsy97,NO,75.0,False,5
openrouter/google/gemma-2-9b-it,71,1,nlsy97,YES,75.0,False,6
openrouter/google/gemma-2-9b-it,71,2,nlsy97,YES,65.0,False,6
openrouter/google/gemma-2-9b-it,71,3,nlsy97,YES,60.0,False,6
openrouter/google/gemma-2-9b-it,72,1,nlsy97,NO,65.0,False,6
openrouter/google/gemma-2-9b-it,72,2,nlsy97,NO,75.0,False,5
openrouter/google/gemma-2-9b-it,72,3,nlsy97,NO,65.0,False,6
openrouter/google/gemma-2-9b-it,73,1,nlsy97,NO,65.0,False,5
openrouter/google/gemma-2-9b-it,73,2,nlsy97,YES,65.0,False,5
openrouter/google/gemma-2-9b-it,73,3,nlsy97,YES,70.0,False,6
openrouter/google/gemma-2-9b-it,74,1,nlsy97,NO,75.0,False,6
openrouter/google/gemma-2-9b-it,74,2,nlsy97,YES,65.0,False,5
openrouter/google/gemma-2-9b-it,74,3,nlsy97,NO,65.0,False,6
openrouter/google/gemma-2-9b-it,75,1,nlsy97,YES,65.0,False,6
openrouter/google/gemma-2-9b-it,75,2,nlsy97,NO,65.0,False,6
openrouter/google/gemma-2-9b-it,75,3,nlsy97,YES,65.0,False,5
openrouter/google/gemma-2-9b-it,76,1,nlsy97,YES,65.0,False,6
openrouter/google/gemma-2-9b-it,76,2,nlsy97,NO,65.0,False,6
openrouter/google/gemma-2-9b-it,76,3,nlsy97,NO,55.0,False,5
openrouter/google/gemma-2-9b-it,77,1,nlsy97,YES,70.0,True,6
openrouter/google/gemma-2-9b-it,77,2,nlsy97,YES,70.0,True,6
openrouter/google/gemma-2-9b-it,77,3,nlsy97,YES,65.0,True,5
openrouter/google/gemma-2-9b-it,78,1,nlsy97,YES,65.0,False,5
openrouter/google/gemma-2-9b-it,78,2,nlsy97,NO,75.0,False,5
openrouter/google/gemma-2-9b-it,78,3,nlsy97,NO,60.0,False,6
openrouter/google/gemma-2-9b-it,79,1,nlsy97,NO,65.0,False,5
openrouter/google/gemma-2-9b-it,79,2,nlsy97,NO,65.0,False,6
openrouter/google/gemma-2-9b-it,79,3,nlsy97,NO,65.0,False,6
openrouter/google/gemma-2-9b-it,7,1,nlsy97,YES,65.0,True,5
openrouter/google/gemma-2-9b-it,7,2,nlsy97,YES,65.0,True,6
openrouter/google/gemma-2-9b-it,7,3,nlsy97,YES,65.0,True,6
openrouter/google/gemma-2-9b-it,80,1,nlsy97,NO,65.0,False,6
openrouter/google/gemma-2-9b-it,80,2,nlsy97,YES,65.0,False,6
openrouter/google/gemma-2-9b-it,80,3,nlsy97,YES,65.0,False,5
openrouter/google/gemma-2-9b-it,81,1,nlsy97,YES,65.0,True,6
openrouter/google/gemma-2-9b-it,81,2,nlsy97,YES,65.0,True,5
openrouter/google/gemma-2-9b-it,81,3,nlsy97,NO,60.0,True,4
openrouter/google/gemma-2-9b-it,82,1,nlsy97,NO,55.0,True,6
openrouter/google/gemma-2-9b-it,82,2,nlsy97,YES,60.0,True,6
openrouter/google/gemma-2-9b-it,82,3,nlsy97,YES,65.0,True,6
openrouter/google/gemma-2-9b-it,83,1,nlsy97,NO,65.0,False,6
openrouter/google/gemma-2-9b-it,83,2,nlsy97,NO,65.0,False,6
openrouter/google/gemma-2-9b-it,83,3,nlsy97,NO,75.0,False,5
openrouter/google/gemma-2-9b-it,84,1,nlsy97,NO,60.0,True,6
openrouter/google/gemma-2-9b-it,84,2,nlsy97,YES,65.0,True,6
openrouter/google/gemma-2-9b-it,84,3,nlsy97,NO,55.0,True,6
openrouter/google/gemma-2-9b-it,85,1,nlsy97,NO,55.0,False,6
openrouter/google/gemma-2-9b-it,85,2,nlsy97,YES,65.0,False,6
openrouter/google/gemma-2-9b-it,85,3,nlsy97,NO,65.0,False,6
openrouter/google/gemma-2-9b-it,86,1,nlsy97,YES,65.0,True,6
openrouter/google/gemma-2-9b-it,86,2,nlsy97,NO,75.0,True,6
openrouter/google/gemma-2-9b-it,86,3,nlsy97,NO,75.0,True,6
openrouter/google/gemma-2-9b-it,87,1,nlsy97,NO,60.0,False,4
openrouter/google/gemma-2-9b-it,87,2,nlsy97,NO,60.0,False,6
openrouter/google/gemma-2-9b-it,87,3,nlsy97,NO,65.0,False,6
openrouter/google/gemma-2-9b-it,88,1,nlsy97,NO,65.0,True,6
openrouter/google/gemma-2-9b-it,88,2,nlsy97,NO,65.0,True,6
openrouter/google/gemma-2-9b-it,88,3,nlsy97,NO,55.0,True,5
openrouter/google/gemma-2-9b-it,89,1,nlsy97,NO,75.0,False,6
openrouter/google/gemma-2-9b-it,89,2,nlsy97,NO,75.0,False,6
openrouter/google/gemma-2-9b-it,89,3,nlsy97,NO,65.0,False,6
openrouter/google/gemma-2-9b-it,8,1,nlsy97,YES,75.0,False,6
openrouter/google/gemma-2-9b-it,8,2,nlsy97,YES,65.0,False,6
openrouter/google/gemma-2-9b-it,8,3,nlsy97,YES,65.0,False,6
openrouter/google/gemma-2-9b-it,90,1,nlsy97,NO,60.0,False,5
openrouter/google/gemma-2-9b-it,90,2,nlsy97,YES,65.0,False,6
openrouter/google/gemma-2-9b-it,90,3,nlsy97,YES,65.0,False,6
openrouter/google/gemma-2-9b-it,91,1,nlsy97,YES,65.0,False,6
openrouter/google/gemma-2-9b-it,91,2,nlsy97,YES,60.0,False,6
openrouter/google/gemma-2-9b-it,91,3,nlsy97,YES,65.0,False,6
openrouter/google/gemma-2-9b-it,92,1,nlsy97,NO,65.0,True,6
openrouter/google/gemma-2-9b-it,92,2,nlsy97,NO,60.0,True,6
openrouter/google/gemma-2-9b-it,92,3,nlsy97,NO,60.0,True,5
openrouter/google/gemma-2-9b-it,93,1,nlsy97,NO,65.0,True,6
openrouter/google/gemma-2-9b-it,93,2,nlsy97,NO,65.0,True,6
openrouter/google/gemma-2-9b-it,93,3,nlsy97,NO,65.0,True,4
openrouter/google/gemma-2-9b-it,94,1,nlsy97,YES,65.0,False,6
openrouter/google/gemma-2-9b-it,94,2,nlsy97,NO,60.0,False,6
openrouter/google/gemma-2-9b-it,94,3,nlsy97,NO,65.0,False,6
openrouter/google/gemma-2-9b-it,95,1,nlsy97,NO,60.0,False,6
openrouter/google/gemma-2-9b-it,95,2,nlsy97,NO,65.0,False,6
openrouter/google/gemma-2-9b-it,95,3,nlsy97,NO,65.0,False,6
openrouter/google/gemma-2-9b-it,96,1,nlsy97,YES,65.0,False,5
openrouter/google/gemma-2-9b-it,96,2,nlsy97,YES,60.0,False,6
openrouter/google/gemma-2-9b-it,96,3,nlsy97,YES,65.0,False,6
openrouter/google/gemma-2-9b-it,97,1,nlsy97,YES,65.0,False,6
openrouter/google/gemma-2-9b-it,97,2,nlsy97,YES,75.0,False,6
openrouter/google/gemma-2-9b-it,97,3,nlsy97,YES,75.0,False,6
openrouter/google/gemma-2-9b-it,98,1,nlsy97,YES,60.0,True,6
openrouter/google/gemma-2-9b-it,98,2,nlsy97,YES,65.0,True,6
openrouter/google/gemma-2-9b-it,98,3,nlsy97,NO,60.0,True,5
openrouter/google/gemma-2-9b-it,99,1,nlsy97,NO,65.0,True,5
openrouter/google/gemma-2-9b-it,99,2,nlsy97,YES,60.0,True,6
openrouter/google/gemma-2-9b-it,99,3,nlsy97,NO,55.0,True,6
openrouter/google/gemma-2-9b-it,9,1,nlsy97,NO,60.0,False,6
openrouter/google/gemma-2-9b-it,9,2,nlsy97,NO,65.0,False,4
openrouter/google/gemma-2-9b-it,9,3,nlsy97,YES,65.0,False,6
openrouter/meta-llama/llama-3.1-8b-instruct,0,1,nlsy97,YES,70.0,True,6
openrouter/meta-llama/llama-3.1-8b-instruct,0,2,nlsy97,YES,80.0,True,6
openrouter/meta-llama/llama-3.1-8b-instruct,0,3,nlsy97,YES,80.0,True,6
openrouter/meta-llama/llama-3.1-8b-instruct,10,1,nlsy97,YES,60.0,False,6
openrouter/meta-llama/llama-3.1-8b-instruct,10,2,nlsy97,NO,60.0,False,6
openrouter/meta-llama/llama-3.1-8b-instruct,10,3,nlsy97,YES,75.0,False,6
openrouter/meta-llama/llama-3.1-8b-instruct,11,1,nlsy97,YES,80.0,False,6
openrouter/meta-llama/llama-3.1-8b-instruct,11,2,nlsy97,YES,80.0,False,6
openrouter/meta-llama/llama-3.1-8b-instruct,11,3,nlsy97,YES,70.0,False,6
openrouter/meta-llama/llama-3.1-8b-instruct,12,1,nlsy97,YES,60.0,False,6
openrouter/meta-llama/llama-3.1-8b-instruct,12,2,nlsy97,YES,80.0,False,5
openrouter/meta-llama/llama-3.1-8b-instruct,12,3,nlsy97,NO,80.0,False,6
openrouter/meta-llama/llama-3.1-8b-instruct,13,1,nlsy97,YES,65.0,False,6
openrouter/meta-llama/llama-3.1-8b-instruct,13,2,nlsy97,YES,80.0,False,6
openrouter/meta-llama/llama-3.1-8b-instruct,13,3,nlsy97,YES,80.0,False,6
openrouter/meta-llama/llama-3.1-8b-instruct,14,1,nlsy97,NO,80.0,True,6
openrouter/meta-llama/llama-3.1-8b-instruct,14,2,nlsy97,NO,72.0,True,6
openrouter/meta-llama/llama-3.1-8b-instruct,14,3,nlsy97,YES,75.0,True,6
openrouter/meta-llama/llama-3.1-8b-instruct,15,1,nlsy97,YES,75.0,False,6
openrouter/meta-llama/llama-3.1-8b-instruct,15,2,nlsy97,NO,75.0,False,6
openrouter/meta-llama/llama-3.1-8b-instruct,15,3,nlsy97,NO,80.0,False,6
openrouter/meta-llama/llama-3.1-8b-instruct,16,1,nlsy97,NO,72.0,False,6
openrouter/meta-llama/llama-3.1-8b-instruct,16,2,nlsy97,YES,70.0,False,6
openrouter/meta-llama/llama-3.1-8b-instruct,16,3,nlsy97,NO,70.0,False,6
openrouter/meta-llama/llama-3.1-8b-instruct,17,1,nlsy97,YES,70.0,False,6
openrouter/meta-llama/llama-3.1-8b-instruct,17,2,nlsy97,YES,60.0,False,6
openrouter/meta-llama/llama-3.1-8b-instruct,17,3,nlsy97,YES,75.0,False,6
openrouter/meta-llama/llama-3.1-8b-instruct,18,1,nlsy97,YES,70.0,False,6
openrouter/meta-llama/llama-3.1-8b-instruct,18,2,nlsy97,YES,70.0,False,6
openrouter/meta-llama/llama-3.1-8b-instruct,18,3,nlsy97,NO,60.0,False,6
openrouter/meta-llama/llama-3.1-8b-instruct,19,1,nlsy97,YES,75.0,False,6
openrouter/meta-llama/llama-3.1-8b-instruct,19,2,nlsy97,YES,60.0,False,6
openrouter/meta-llama/llama-3.1-8b-instruct,19,3,nlsy97,YES,70.0,False,6
openrouter/meta-llama/llama-3.1-8b-instruct,1,1,nlsy97,NO,70.0,False,5
openrouter/meta-llama/llama-3.1-8b-instruct,1,2,nlsy97,YES,70.0,False,6
openrouter/meta-llama/llama-3.1-8b-instruct,1,3,nlsy97,YES,80.0,False,6
openrouter/meta-llama/llama-3.1-8b-instruct,20,1,nlsy97,YES,70.0,True,6
openrouter/meta-llama/llama-3.1-8b-instruct,20,2,nlsy97,YES,80.0,True,6
openrouter/meta-llama/llama-3.1-8b-instruct,20,3,nlsy97,YES,60.0,True,6
openrouter/meta-llama/llama-3.1-8b-instruct,21,1,nlsy97,NO,60.0,True,6
openrouter/meta-llama/llama-3.1-8b-instruct,21,2,nlsy97,YES,70.0,True,6
openrouter/meta-llama/llama-3.1-8b-instruct,21,3,nlsy97,NO,65.0,True,6
openrouter/meta-llama/llama-3.1-8b-instruct,22,1,nlsy97,YES,85.0,False,5
openrouter/meta-llama/llama-3.1-8b-instruct,22,2,nlsy97,YES,85.0,False,6
openrouter/meta-llama/llama-3.1-8b-instruct,22,3,nlsy97,YES,85.0,False,6
openrouter/meta-llama/llama-3.1-8b-instruct,23,1,nlsy97,YES,72.0,True,6
openrouter/meta-llama/llama-3.1-8b-instruct,23,2,nlsy97,YES,60.0,True,6
openrouter/meta-llama/llama-3.1-8b-instruct,23,3,nlsy97,NO,70.0,True,6
openrouter/meta-llama/llama-3.1-8b-instruct,24,1,nlsy97,YES,85.0,False,6
openrouter/meta-llama/llama-3.1-8b-instruct,24,2,nlsy97,NO,80.0,False,6
openrouter/meta-llama/llama-3.1-8b-instruct,24,3,nlsy97,YES,75.0,False,6
openrouter/meta-llama/llama-3.1-8b-instruct,25,1,nlsy97,YES,80.0,True,6
openrouter/meta-llama/llama-3.1-8b-instruct,25,2,nlsy97,YES,65.0,True,6
openrouter/meta-llama/llama-3.1-8b-instruct,25,3,nlsy97,NO,70.0,True,6
openrouter/meta-llama/llama-3.1-8b-instruct,26,1,nlsy97,YES,80.0,False,6
openrouter/meta-llama/llama-3.1-8b-instruct,26,2,nlsy97,YES,72.0,False,6
openrouter/meta-llama/llama-3.1-8b-instruct,26,3,nlsy97,YES,85.0,False,6
openrouter/meta-llama/llama-3.1-8b-instruct,27,1,nlsy97,YES,85.0,False,6
openrouter/meta-llama/llama-3.1-8b-instruct,27,2,nlsy97,YES,75.0,False,6
openrouter/meta-llama/llama-3.1-8b-instruct,27,3,nlsy97,YES,75.0,False,6
openrouter/meta-llama/llama-3.1-8b-instruct,28,1,nlsy97,YES,80.0,True,6
openrouter/meta-llama/llama-3.1-8b-instruct,28,2,nlsy97,NO,60.0,True,6
openrouter/meta-llama/llama-3.1-8b-instruct,28,3,nlsy97,YES,75.0,True,6
openrouter/meta-llama/llama-3.1-8b-instruct,29,1,nlsy97,YES,60.0,False,6
openrouter/meta-llama/llama-3.1-8b-instruct,29,2,nlsy97,NO,78.0,False,6
openrouter/meta-llama/llama-3.1-8b-instruct,29,3,nlsy97,YES,75.0,False,6
openrouter/meta-llama/llama-3.1-8b-instruct,2,1,nlsy97,YES,70.0,True,6
openrouter/meta-llama/llama-3.1-8b-instruct,2,2,nlsy97,NO,60.0,True,6
openrouter/meta-llama/llama-3.1-8b-instruct,2,3,nlsy97,YES,80.0,True,6
openrouter/meta-llama/llama-3.1-8b-instruct,30,1,nlsy97,YES,75.0,True,6
openrouter/meta-llama/llama-3.1-8b-instruct,30,2,nlsy97,YES,75.0,True,6
openrouter/meta-llama/llama-3.1-8b-instruct,30,3,nlsy97,YES,75.0,True,6
openrouter/meta-llama/llama-3.1-8b-instruct,31,1,nlsy97,NO,70.0,True,6
openrouter/meta-llama/llama-3.1-8b-instruct,31,2,nlsy97,NO,85.0,True,6
openrouter/meta-llama/llama-3.1-8b-instruct,31,3,nlsy97,YES,70.0,True,6
openrouter/meta-llama/llama-3.1-8b-instruct,32,1,nlsy97,YES,75.0,False,6
openrouter/meta-llama/llama-3.1-8b-instruct,32,2,nlsy97,YES,70.0,False,6
openrouter/meta-llama/llama-3.1-8b-instruct,32,3,nlsy97,YES,60.0,False,6
openrouter/meta-llama/llama-3.1-8b-instruct,33,1,nlsy97,NO,70.0,False,6
openrouter/meta-llama/llama-3.1-8b-instruct,33,2,nlsy97,YES,60.0,False,6
openrouter/meta-llama/llama-3.1-8b-instruct,33,3,nlsy97,YES,70.0,False,6
openrouter/meta-llama/llama-3.1-8b-instruct,34,1,nlsy97,YES,85.0,True,6
openrouter/meta-llama/llama-3.1-8b-instruct,34,2,nlsy97,YES,70.0,True,6
openrouter/meta-llama/llama-3.1-8b-instruct,34,3,nlsy97,YES,72.0,True,6
openrouter/meta-llama/llama-3.1-8b-instruct,35,1,nlsy97,YES,70.0,True,6
openrouter/meta-llama/llama-3.1-8b-instruct,35,2,nlsy97,YES,75.0,True,6
openrouter/meta-llama/llama-3.1-8b-instruct,35,3,nlsy97,NO,70.0,True,6
openrouter/meta-llama/llama-3.1-8b-instruct,36,1,nlsy97,YES,70.0,False,6
openrouter/meta-llama/llama-3.1-8b-instruct,36,2,nlsy97,NO,60.0,False,6
openrouter/meta-llama/llama-3.1-8b-instruct,36,3,nlsy97,NO,60.0,False,5
openrouter/meta-llama/llama-3.1-8b-instruct,37,1,nlsy97,YES,70.0,False,6
openrouter/meta-llama/llama-3.1-8b-instruct,37,2,nlsy97,NO,70.0,False,6
openrouter/meta-llama/llama-3.1-8b-instruct,37,3,nlsy97,YES,75.0,False,6
openrouter/meta-llama/llama-3.1-8b-instruct,38,1,nlsy97,YES,80.0,True,6
openrouter/meta-llama/llama-3.1-8b-instruct,38,2,nlsy97,NO,80.0,True,6
openrouter/meta-llama/llama-3.1-8b-instruct,38,3,nlsy97,YES,80.0,True,6
openrouter/meta-llama/llama-3.1-8b-instruct,39,1,nlsy97,YES,85.0,False,6
openrouter/meta-llama/llama-3.1-8b-instruct,39,2,nlsy97,NO,70.0,False,6
openrouter/meta-llama/llama-3.1-8b-instruct,39,3,nlsy97,NO,60.0,False,6
openrouter/meta-llama/llama-3.1-8b-instruct,3,1,nlsy97,YES,85.0,False,6
openrouter/meta-llama/llama-3.1-8b-instruct,3,2,nlsy97,YES,70.0,False,6
openrouter/meta-llama/llama-3.1-8b-instruct,3,3,nlsy97,YES,75.0,False,6
openrouter/meta-llama/llama-3.1-8b-instruct,40,1,nlsy97,NO,70.0,False,6
openrouter/meta-llama/llama-3.1-8b-instruct,40,2,nlsy97,YES,80.0,False,6
openrouter/meta-llama/llama-3.1-8b-instruct,40,3,nlsy97,NO,72.0,False,6
openrouter/meta-llama/llama-3.1-8b-instruct,41,1,nlsy97,YES,80.0,False,6
openrouter/meta-llama/llama-3.1-8b-instruct,41,2,nlsy97,NO,70.0,False,6
openrouter/meta-llama/llama-3.1-8b-instruct,41,3,nlsy97,NO,75.0,False,6
openrouter/meta-llama/llama-3.1-8b-instruct,42,1,nlsy97,NO,60.0,True,6
openrouter/meta-llama/llama-3.1-8b-instruct,42,2,nlsy97,NO,75.0,True,6
openrouter/meta-llama/llama-3.1-8b-instruct,42,3,nlsy97,YES,85.0,True,6
openrouter/meta-llama/llama-3.1-8b-instruct,43,1,nlsy97,NO,70.0,True,6
openrouter/meta-llama/llama-3.1-8b-instruct,43,2,nlsy97,YES,72.0,True,6
openrouter/meta-llama/llama-3.1-8b-instruct,43,3,nlsy97,NO,80.0,True,6
openrouter/meta-llama/llama-3.1-8b-instruct,44,1,nlsy97,NO,70.0,False,6
openrouter/meta-llama/llama-3.1-8b-instruct,44,2,nlsy97,YES,70.0,False,6
openrouter/meta-llama/llama-3.1-8b-instruct,44,3,nlsy97,YES,75.0,False,6
openrouter/meta-llama/llama-3.1-8b-instruct,45,1,nlsy97,YES,80.0,True,6
openrouter/meta-llama/llama-3.1-8b-instruct,45,2,nlsy97,YES,85.0,True,6
openrouter/meta-llama/llama-3.1-8b-instruct,45,3,nlsy97,YES,85.0,True,6
openrouter/meta-llama/llama-3.1-8b-instruct,46,1,nlsy97,YES,75.0,False,6
openrouter/meta-llama/llama-3.1-8b-instruct,46,2,nlsy97,YES,85.0,False,6
openrouter/meta-llama/llama-3.1-8b-instruct,46,3,nlsy97,YES,70.0,False,6
openrouter/meta-llama/llama-3.1-8b-instruct,47,1,nlsy97,YES,70.0,True,6
openrouter/meta-llama/llama-3.1-8b-instruct,47,2,nlsy97,NO,65.0,True,6
openrouter/meta-llama/llama-3.1-8b-instruct,47,3,nlsy97,YES,60.0,True,6
openrouter/meta-llama/llama-3.1-8b-instruct,48,1,nlsy97,NO,70.0,False,6
openrouter/meta-llama/llama-3.1-8b-instruct,48,2,nlsy97,YES,85.0,False,6
openrouter/meta-llama/llama-3.1-8b-instruct,48,3,nlsy97,NO,70.0,False,6
openrouter/meta-llama/llama-3.1-8b-instruct,49,1,nlsy97,YES,70.0,True,6
openrouter/meta-llama/llama-3.1-8b-instruct,49,2,nlsy97,YES,60.0,True,6
openrouter/meta-llama/llama-3.1-8b-instruct,49,3,nlsy97,NO,60.0,True,6
openrouter/meta-llama/llama-3.1-8b-instruct,4,1,nlsy97,NO,85.0,False,6
openrouter/meta-llama/llama-3.1-8b-instruct,4,2,nlsy97,YES,80.0,False,6
openrouter/meta-llama/llama-3.1-8b-instruct,4,3,nlsy97,YES,70.0,False,6
openrouter/meta-llama/llama-3.1-8b-instruct,50,1,nlsy97,NO,60.0,True,6
openrouter/meta-llama/llama-3.1-8b-instruct,50,2,nlsy97,YES,82.0,True,6
openrouter/meta-llama/llama-3.1-8b-instruct,50,3,nlsy97,YES,75.0,True,6
openrouter/meta-llama/llama-3.1-8b-instruct,51,1,nlsy97,NO,70.0,False,6
openrouter/meta-llama/llama-3.1-8b-instruct,51,2,nlsy97,NO,80.0,False,6
openrouter/meta-llama/llama-3.1-8b-instruct,51,3,nlsy97,NO,75.0,False,6
openrouter/meta-llama/llama-3.1-8b-instruct,52,1,nlsy97,NO,60.0,True,6
openrouter/meta-llama/llama-3.1-8b-instruct,52,2,nlsy97,NO,70.0,True,6
openrouter/meta-llama/llama-3.1-8b-instruct,52,3,nlsy97,NO,75.0,True,6
openrouter/meta-llama/llama-3.1-8b-instruct,53,1,nlsy97,YES,75.0,False,6
openrouter/meta-llama/llama-3.1-8b-instruct,53,2,nlsy97,NO,70.0,False,6
openrouter/meta-llama/llama-3.1-8b-instruct,53,3,nlsy97,YES,70.0,False,5
openrouter/meta-llama/llama-3.1-8b-instruct,54,1,nlsy97,YES,72.0,True,6
openrouter/meta-llama/llama-3.1-8b-instruct,54,2,nlsy97,YES,75.0,True,6
openrouter/meta-llama/llama-3.1-8b-instruct,54,3,nlsy97,YES,75.0,True,6
openrouter/meta-llama/llama-3.1-8b-instruct,55,1,nlsy97,YES,80.0,False,6
openrouter/meta-llama/llama-3.1-8b-instruct,55,2,nlsy97,YES,80.0,False,6
openrouter/meta-llama/llama-3.1-8b-instruct,55,3,nlsy97,YES,80.0,False,6
openrouter/meta-llama/llama-3.1-8b-instruct,56,1,nlsy97,YES,60.0,False,6
openrouter/meta-llama/llama-3.1-8b-instruct,56,2,nlsy97,NO,60.0,False,6
openrouter/meta-llama/llama-3.1-8b-instruct,56,3,nlsy97,YES,70.0,False,6
openrouter/meta-llama/llama-3.1-8b-instruct,57,1,nlsy97,YES,80.0,True,6
openrouter/meta-llama/llama-3.1-8b-instruct,57,2,nlsy97,YES,80.0,True,6
openrouter/meta-llama/llama-3.1-8b-instruct,57,3,nlsy97,YES,65.0,True,6
openrouter/meta-llama/llama-3.1-8b-instruct,58,1,nlsy97,YES,85.0,True,6
openrouter/meta-llama/llama-3.1-8b-instruct,58,2,nlsy97,YES,80.0,True,6
openrouter/meta-llama/llama-3.1-8b-instruct,58,3,nlsy97,YES,85.0,True,6
openrouter/meta-llama/llama-3.1-8b-instruct,59,1,nlsy97,YES,80.0,False,6
openrouter/meta-llama/llama-3.1-8b-instruct,59,2,nlsy97,NO,70.0,False,6
openrouter/meta-llama/llama-3.1-8b-instruct,59,3,nlsy97,NO,60.0,False,6
openrouter/meta-llama/llama-3.1-8b-instruct,5,1,nlsy97,NO,70.0,False,6
openrouter/meta-llama/llama-3.1-8b-instruct,5,2,nlsy97,YES,70.0,False,6
openrouter/meta-llama/llama-3.1-8b-instruct,5,3,nlsy97,NO,80.0,False,6
openrouter/meta-llama/llama-3.1-8b-instruct,60,1,nlsy97,YES,75.0,False,6
openrouter/meta-llama/llama-3.1-8b-instruct,60,2,nlsy97,YES,85.0,False,6
openrouter/meta-llama/llama-3.1-8b-instruct,60,3,nlsy97,NO,60.0,False,6
openrouter/meta-llama/llama-3.1-8b-instruct,61,1,nlsy97,NO,60.0,False,6
openrouter/meta-llama/llama-3.1-8b-instruct,61,2,nlsy97,YES,65.0,False,6
openrouter/meta-llama/llama-3.1-8b-instruct,61,3,nlsy97,YES,70.0,False,6
openrouter/meta-llama/llama-3.1-8b-instruct,62,1,nlsy97,YES,75.0,False,6
openrouter/meta-llama/llama-3.1-8b-instruct,62,2,nlsy97,NO,75.0,False,6
openrouter/meta-llama/llama-3.1-8b-instruct,62,3,nlsy97,NO,55.0,False,6
openrouter/meta-llama/llama-3.1-8b-instruct,63,1,nlsy97,YES,70.0,False,6
openrouter/meta-llama/llama-3.1-8b-instruct,63,2,nlsy97,YES,80.0,False,6
openrouter/meta-llama/llama-3.1-8b-instruct,63,3,nlsy97,YES,75.0,False,6
openrouter/meta-llama/llama-3.1-8b-instruct,64,1,nlsy97,YES,80.0,False,6
openrouter/meta-llama/llama-3.1-8b-instruct,64,2,nlsy97,YES,75.0,False,6
openrouter/meta-llama/llama-3.1-8b-instruct,64,3,nlsy97,YES,75.0,False,6
openrouter/meta-llama/llama-3.1-8b-instruct,65,1,nlsy97,YES,75.0,False,6
openrouter/meta-llama/llama-3.1-8b-instruct,65,2,nlsy97,NO,70.0,False,6
openrouter/meta-llama/llama-3.1-8b-instruct,65,3,nlsy97,YES,60.0,False,6
openrouter/meta-llama/llama-3.1-8b-instruct,66,1,nlsy97,NO,60.0,True,6
openrouter/meta-llama/llama-3.1-8b-instruct,66,2,nlsy97,YES,70.0,True,6
openrouter/meta-llama/llama-3.1-8b-instruct,66,3,nlsy97,YES,80.0,True,6
openrouter/meta-llama/llama-3.1-8b-instruct,67,1,nlsy97,YES,60.0,False,6
openrouter/meta-llama/llama-3.1-8b-instruct,67,2,nlsy97,NO,60.0,False,6
openrouter/meta-llama/llama-3.1-8b-instruct,67,3,nlsy97,NO,60.0,False,6
openrouter/meta-llama/llama-3.1-8b-instruct,68,1,nlsy97,YES,80.0,True,6
openrouter/meta-llama/llama-3.1-8b-instruct,68,2,nlsy97,YES,80.0,True,6
openrouter/meta-llama/llama-3.1-8b-instruct,68,3,nlsy97,NO,60.0,True,6
openrouter/meta-llama/llama-3.1-8b-instruct,69,1,nlsy97,YES,60.0,False,6
openrouter/meta-llama/llama-3.1-8b-instruct,69,2,nlsy97,YES,75.0,False,6
openrouter/meta-llama/llama-3.1-8b-instruct,69,3,nlsy97,YES,70.0,False,6
openrouter/meta-llama/llama-3.1-8b-instruct,6,1,nlsy97,NO,80.0,False,6
openrouter/meta-llama/llama-3.1-8b-instruct,6,2,nlsy97,YES,70.0,False,6
openrouter/meta-llama/llama-3.1-8b-instruct,6,3,nlsy97,NO,70.0,False,6
openrouter/meta-llama/llama-3.1-8b-instruct,70,1,nlsy97,NO,62.0,False,6
openrouter/meta-llama/llama-3.1-8b-instruct,70,2,nlsy97,NO,60.0,False,6
openrouter/meta-llama/llama-3.1-8b-instruct,70,3,nlsy97,YES,80.0,False,6
openrouter/meta-llama/llama-3.1-8b-instruct,71,1,nlsy97,YES,85.0,False,6
openrouter/meta-llama/llama-3.1-8b-instruct,71,2,nlsy97,YES,70.0,False,6
openrouter/meta-llama/llama-3.1-8b-instruct,71,3,nlsy97,YES,80.0,False,6
openrouter/meta-llama/llama-3.1-8b-instruct,72,1,nlsy97,YES,72.0,False,6
openrouter/meta-llama/llama-3.1-8b-instruct,72,2,nlsy97,YES,75.0,False,6
openrouter/meta-llama/llama-3.1-8b-instruct,72,3,nlsy97,NO,70.0,False,6
openrouter/meta-llama/llama-3.1-8b-instruct,73,1,nlsy97,YES,75.0,False,6
openrouter/meta-llama/llama-3.1-8b-instruct,73,2,nlsy97,NO,72.0,False,6
openrouter/meta-llama/llama-3.1-8b-instruct,73,3,nlsy97,NO,65.0,False,6
openrouter/meta-llama/llama-3.1-8b-instruct,74,1,nlsy97,NO,70.0,False,6
openrouter/meta-llama/llama-3.1-8b-instruct,74,2,nlsy97,YES,60.0,False,5
openrouter/meta-llama/llama-3.1-8b-instruct,74,3,nlsy97,NO,60.0,False,6
openrouter/meta-llama/llama-3.1-8b-instruct,75,1,nlsy97,YES,80.0,False,6
openrouter/meta-llama/llama-3.1-8b-instruct,75,2,nlsy97,YES,85.0,False,6
openrouter/meta-llama/llama-3.1-8b-instruct,75,3,nlsy97,YES,85.0,False,6
openrouter/meta-llama/llama-3.1-8b-instruct,76,1,nlsy97,YES,85.0,False,6
openrouter/meta-llama/llama-3.1-8b-instruct,76,2,nlsy97,NO,60.0,False,5
openrouter/meta-llama/llama-3.1-8b-instruct,76,3,nlsy97,NO,60.0,False,6
openrouter/meta-llama/llama-3.1-8b-instruct,77,1,nlsy97,YES,70.0,True,6
openrouter/meta-llama/llama-3.1-8b-instruct,77,2,nlsy97,YES,60.0,True,6
openrouter/meta-llama/llama-3.1-8b-instruct,77,3,nlsy97,YES,85.0,True,6
openrouter/meta-llama/llama-3.1-8b-instruct,78,1,nlsy97,NO,60.0,False,6
openrouter/meta-llama/llama-3.1-8b-instruct,78,2,nlsy97,YES,72.0,False,6
openrouter/meta-llama/llama-3.1-8b-instruct,78,3,nlsy97,YES,70.0,False,6
openrouter/meta-llama/llama-3.1-8b-instruct,79,1,nlsy97,NO,70.0,False,6
openrouter/meta-llama/llama-3.1-8b-instruct,79,2,nlsy97,YES,75.0,False,6
openrouter/meta-llama/llama-3.1-8b-instruct,79,3,nlsy97,YES,85.0,False,6
openrouter/meta-llama/llama-3.1-8b-instruct,7,1,nlsy97,YES,70.0,True,6
openrouter/meta-llama/llama-3.1-8b-instruct,7,2,nlsy97,YES,80.0,True,6
openrouter/meta-llama/llama-3.1-8b-instruct,7,3,nlsy97,NO,75.0,True,6
openrouter/meta-llama/llama-3.1-8b-instruct,80,1,nlsy97,YES,70.0,False,6
openrouter/meta-llama/llama-3.1-8b-instruct,80,2,nlsy97,YES,80.0,False,6
openrouter/meta-llama/llama-3.1-8b-instruct,80,3,nlsy97,YES,70.0,False,6
openrouter/meta-llama/llama-3.1-8b-instruct,81,1,nlsy97,YES,70.0,True,6
openrouter/meta-llama/llama-3.1-8b-instruct,81,2,nlsy97,YES,70.0,True,6
openrouter/meta-llama/llama-3.1-8b-instruct,81,3,nlsy97,NO,75.0,True,5
openrouter/meta-llama/llama-3.1-8b-instruct,82,1,nlsy97,YES,82.0,True,6
openrouter/meta-llama/llama-3.1-8b-instruct,82,2,nlsy97,YES,70.0,True,6
openrouter/meta-llama/llama-3.1-8b-instruct,82,3,nlsy97,YES,65.0,True,6
openrouter/meta-llama/llama-3.1-8b-instruct,83,1,nlsy97,NO,85.0,False,6
openrouter/meta-llama/llama-3.1-8b-instruct,83,2,nlsy97,NO,70.0,False,6
openrouter/meta-llama/llama-3.1-8b-instruct,83,3,nlsy97,NO,75.0,False,6
openrouter/meta-llama/llama-3.1-8b-instruct,84,1,nlsy97,YES,70.0,True,6
openrouter/meta-llama/llama-3.1-8b-instruct,84,2,nlsy97,YES,75.0,True,5
openrouter/meta-llama/llama-3.1-8b-instruct,84,3,nlsy97,YES,60.0,True,6
openrouter/meta-llama/llama-3.1-8b-instruct,85,1,nlsy97,YES,82.0,False,6
openrouter/meta-llama/llama-3.1-8b-instruct,85,2,nlsy97,YES,85.0,False,6
openrouter/meta-llama/llama-3.1-8b-instruct,85,3,nlsy97,YES,70.0,False,6
openrouter/meta-llama/llama-3.1-8b-instruct,86,1,nlsy97,YES,85.0,True,6
openrouter/meta-llama/llama-3.1-8b-instruct,86,2,nlsy97,NO,70.0,True,6
openrouter/meta-llama/llama-3.1-8b-instruct,86,3,nlsy97,NO,70.0,True,6
openrouter/meta-llama/llama-3.1-8b-instruct,87,1,nlsy97,NO,70.0,False,6
openrouter/meta-llama/llama-3.1-8b-instruct,87,2,nlsy97,YES,80.0,False,6
openrouter/meta-llama/llama-3.1-8b-instruct,87,3,nlsy97,NO,60.0,False,6
openrouter/meta-llama/llama-3.1-8b-instruct,88,1,nlsy97,NO,60.0,True,6
openrouter/meta-llama/llama-3.1-8b-instruct,88,2,nlsy97,NO,75.0,True,6
openrouter/meta-llama/llama-3.1-8b-instruct,88,3,nlsy97,YES,80.0,True,6
openrouter/meta-llama/llama-3.1-8b-instruct,89,1,nlsy97,NO,85.0,False,6
openrouter/meta-llama/llama-3.1-8b-instruct,89,2,nlsy97,NO,75.0,False,6
openrouter/meta-llama/llama-3.1-8b-instruct,89,3,nlsy97,NO,60.0,False,6
openrouter/meta-llama/llama-3.1-8b-instruct,8,1,nlsy97,YES,75.0,False,6
openrouter/meta-llama/llama-3.1-8b-instruct,8,2,nlsy97,YES,75.0,False,6
openrouter/meta-llama/llama-3.1-8b-instruct,8,3,nlsy97,YES,85.0,False,6
openrouter/meta-llama/llama-3.1-8b-instruct,90,1,nlsy97,YES,75.0,False,6
openrouter/meta-llama/llama-3.1-8b-instruct,90,2,nlsy97,YES,70.0,False,6
openrouter/meta-llama/llama-3.1-8b-instruct,90,3,nlsy97,YES,75.0,False,6
openrouter/meta-llama/llama-3.1-8b-instruct,91,1,nlsy97,YES,85.0,False,5
openrouter/meta-llama/llama-3.1-8b-instruct,91,2,nlsy97,YES,80.0,False,6
openrouter/meta-llama/llama-3.1-8b-instruct,91,3,nlsy97,YES,80.0,False,6
openrouter/meta-llama/llama-3.1-8b-instruct,92,1,nlsy97,NO,60.0,True,6
openrouter/meta-llama/llama-3.1-8b-instruct,92,2,nlsy97,YES,75.0,True,6
openrouter/meta-llama/llama-3.1-8b-instruct,92,3,nlsy97,NO,75.0,True,6
openrouter/meta-llama/llama-3.1-8b-instruct,93,1,nlsy97,NO,85.0,True,6
openrouter/meta-llama/llama-3.1-8b-instruct,93,2,nlsy97,NO,80.0,True,6
openrouter/meta-llama/llama-3.1-8b-instruct,93,3,nlsy97,NO,70.0,True,6
openrouter/meta-llama/llama-3.1-8b-instruct,94,1,nlsy97,NO,60.0,False,6
openrouter/meta-llama/llama-3.1-8b-instruct,94,2,nlsy97,NO,75.0,False,6
openrouter/meta-llama/llama-3.1-8b-instruct,94,3,nlsy97,YES,75.0,False,6
openrouter/meta-llama/llama-3.1-8b-instruct,95,1,nlsy97,YES,72.0,False,6
openrouter/meta-llama/llama-3.1-8b-instruct,95,2,nlsy97,NO,80.0,False,6
openrouter/meta-llama/llama-3.1-8b-instruct,95,3,nlsy97,YES,80.0,False,6
openrouter/meta-llama/llama-3.1-8b-instruct,96,1,nlsy97,NO,60.0,False,6
openrouter/meta-llama/llama-3.1-8b-instruct,96,2,nlsy97,YES,65.0,False,6
openrouter/meta-llama/llama-3.1-8b-instruct,96,3,nlsy97,YES,80.0,False,6
openrouter/meta-llama/llama-3.1-8b-instruct,97,1,nlsy97,YES,85.0,False,6
openrouter/meta-llama/llama-3.1-8b-instruct,97,2,nlsy97,YES,70.0,False,6
openrouter/meta-llama/llama-3.1-8b-instruct,97,3,nlsy97,YES,75.0,False,6
openrouter/meta-llama/llama-3.1-8b-instruct,98,1,nlsy97,YES,70.0,True,6
openrouter/meta-llama/llama-3.1-8b-instruct,98,2,nlsy97,YES,70.0,True,6
openrouter/meta-llama/llama-3.1-8b-instruct,98,3,nlsy97,NO,75.0,True,6
openrouter/meta-llama/llama-3.1-8b-instruct,99,1,nlsy97,YES,85.0,True,6
openrouter/meta-llama/llama-3.1-8b-instruct,99,2,nlsy97,YES,80.0,True,6
openrouter/meta-llama/llama-3.1-8b-instruct,99,3,nlsy97,YES,80.0,True,6
openrouter/meta-llama/llama-3.1-8b-instruct,9,1,nlsy97,YES,85.0,False,6
openrouter/meta-llama/llama-3.1-8b-instruct,9,2,nlsy97,YES,80.0,False,6
openrouter/meta-llama/llama-3.1-8b-instruct,9,3,nlsy97,YES,80.0,False,6
openrouter/microsoft/phi-4,0,1,nlsy97,NO,75.0,True,6
openrouter/microsoft/phi-4,0,2,nlsy97,YES,75.0,True,6
openrouter/microsoft/phi-4,0,3,nlsy97,YES,80.0,True,6
openrouter/microsoft/phi-4,10,1,nlsy97,NO,65.0,False,6
openrouter/microsoft/phi-4,10,2,nlsy97,YES,70.0,False,6
openrouter/microsoft/phi-4,10,3,nlsy97,NO,75.0,False,6
openrouter/microsoft/phi-4,11,1,nlsy97,NO,70.0,False,6
openrouter/microsoft/phi-4,11,2,nlsy97,YES,75.0,False,6
openrouter/microsoft/phi-4,11,3,nlsy97,NO,65.0,False,6
openrouter/microsoft/phi-4,12,1,nlsy97,YES,65.0,False,6
openrouter/microsoft/phi-4,12,2,nlsy97,YES,70.0,False,6
openrouter/microsoft/phi-4,12,3,nlsy97,YES,85.0,False,6
openrouter/microsoft/phi-4,13,1,nlsy97,YES,75.0,False,6
openrouter/microsoft/phi-4,13,2,nlsy97,NO,70.0,False,6
openrouter/microsoft/phi-4,13,3,nlsy97,NO,70.0,False,6
openrouter/microsoft/phi-4,14,1,nlsy97,NO,75.0,True,6
openrouter/microsoft/phi-4,14,2,nlsy97,NO,75.0,True,6
openrouter/microsoft/phi-4,14,3,nlsy97,NO,70.0,True,6
openrouter/microsoft/phi-4,15,1,nlsy97,NO,65.0,False,6
openrouter/microsoft/phi-4,15,2,nlsy97,NO,85.0,False,6
openrouter/microsoft/phi-4,15,3,nlsy97,NO,85.0,False,6
openrouter/microsoft/phi-4,16,1,nlsy97,NO,75.0,False,6
openrouter/microsoft/phi-4,16,2,nlsy97,YES,85.0,False,6
openrouter/microsoft/phi-4,16,3,nlsy97,NO,75.0,False,6
openrouter/microsoft/phi-4,17,1,nlsy97,YES,75.0,False,6
openrouter/microsoft/phi-4,17,2,nlsy97,NO,70.0,False,6
openrouter/microsoft/phi-4,17,3,nlsy97,YES,75.0,False,6
openrouter/microsoft/phi-4,18,1,nlsy97,NO,75.0,False,6
openrouter/microsoft/phi-4,18,2,nlsy97,NO,70.0,False,6
openrouter/microsoft/phi-4,18,3,nlsy97,YES,60.0,False,6
openrouter/microsoft/phi-4,19,1,nlsy97,NO,70.0,False,6
openrouter/microsoft/phi-4,19,2,nlsy97,YES,70.0,False,6
openrouter/microsoft/phi-4,19,3,nlsy97,YES,75.0,False,6
openrouter/microsoft/phi-4,1,1,nlsy97,YES,75.0,False,6
openrouter/microsoft/phi-4,1,2,nlsy97,YES,75.0,False,6
openrouter/microsoft/phi-4,1,3,nlsy97,NO,75.0,False,6
openrouter/microsoft/phi-4,20,1,nlsy97,NO,65.0,True,6
openrouter/microsoft/phi-4,20,2,nlsy97,NO,75.0,True,6
openrouter/microsoft/phi-4,20,3,nlsy97,NO,75.0,True,6
openrouter/microsoft/phi-4,21,1,nlsy97,NO,75.0,True,6
openrouter/microsoft/phi-4,21,2,nlsy97,NO,75.0,True,6
openrouter/microsoft/phi-4,21,3,nlsy97,YES,75.0,True,6
openrouter/microsoft/phi-4,22,1,nlsy97,NO,70.0,False,6
openrouter/microsoft/phi-4,22,2,nlsy97,YES,85.0,False,6
openrouter/microsoft/phi-4,22,3,nlsy97,YES,75.0,False,6
openrouter/microsoft/phi-4,23,1,nlsy97,NO,70.0,True,6
openrouter/microsoft/phi-4,23,2,nlsy97,NO,65.0,True,6
openrouter/microsoft/phi-4,23,3,nlsy97,YES,75.0,True,6
openrouter/microsoft/phi-4,24,1,nlsy97,NO,70.0,False,6
openrouter/microsoft/phi-4,24,2,nlsy97,YES,70.0,False,6
openrouter/microsoft/phi-4,24,3,nlsy97,NO,85.0,False,6
openrouter/microsoft/phi-4,25,1,nlsy97,NO,70.0,True,6
openrouter/microsoft/phi-4,25,2,nlsy97,NO,75.0,True,6
openrouter/microsoft/phi-4,25,3,nlsy97,NO,75.0,True,6
openrouter/microsoft/phi-4,26,1,nlsy97,NO,70.0,False,6
openrouter/microsoft/phi-4,26,2,nlsy97,NO,75.0,False,6
openrouter/microsoft/phi-4,26,3,nlsy97,YES,75.0,False,6
openrouter/microsoft/phi-4,27,1,nlsy97,NO,75.0,False,6
openrouter/microsoft/phi-4,27,2,nlsy97,NO,85.0,False,6
openrouter/microsoft/phi-4,27,3,nlsy97,NO,60.0,False,6
openrouter/microsoft/phi-4,28,1,nlsy97,YES,70.0,True,6
openrouter/microsoft/phi-4,28,2,nlsy97,NO,60.0,True,6
openrouter/microsoft/phi-4,28,3,nlsy97,NO,75.0,True,6
openrouter/microsoft/phi-4,29,1,nlsy97,NO,78.0,False,6
openrouter/microsoft/phi-4,29,2,nlsy97,NO,75.0,False,6
openrouter/microsoft/phi-4,29,3,nlsy97,NO,75.0,False,6
openrouter/microsoft/phi-4,2,1,nlsy97,YES,75.0,True,6
openrouter/microsoft/phi-4,2,2,nlsy97,NO,75.0,True,6
openrouter/microsoft/phi-4,2,3,nlsy97,YES,65.0,True,6
openrouter/microsoft/phi-4,30,1,nlsy97,YES,70.0,True,6
openrouter/microsoft/phi-4,30,2,nlsy97,NO,65.0,True,6
openrouter/microsoft/phi-4,30,3,nlsy97,NO,75.0,True,6
openrouter/microsoft/phi-4,31,1,nlsy97,NO,75.0,True,6
openrouter/microsoft/phi-4,31,2,nlsy97,YES,70.0,True,6
openrouter/microsoft/phi-4,31,3,nlsy97,NO,70.0,True,6
openrouter/microsoft/phi-4,32,1,nlsy97,NO,75.0,False,6
openrouter/microsoft/phi-4,32,2,nlsy97,NO,75.0,False,6
openrouter/microsoft/phi-4,32,3,nlsy97,NO,75.0,False,6
openrouter/microsoft/phi-4,33,1,nlsy97,NO,75.0,False,6
openrouter/microsoft/phi-4,33,2,nlsy97,NO,85.0,False,6
openrouter/microsoft/phi-4,33,3,nlsy97,NO,75.0,False,6
openrouter/microsoft/phi-4,34,1,nlsy97,NO,70.0,True,6
openrouter/microsoft/phi-4,34,2,nlsy97,YES,75.0,True,6
openrouter/microsoft/phi-4,34,3,nlsy97,YES,70.0,True,6
openrouter/microsoft/phi-4,35,1,nlsy97,NO,75.0,True,6
openrouter/microsoft/phi-4,35,2,nlsy97,YES,75.0,True,6
openrouter/microsoft/phi-4,35,3,nlsy97,NO,75.0,True,6
openrouter/microsoft/phi-4,36,1,nlsy97,NO,70.0,False,6
openrouter/microsoft/phi-4,36,2,nlsy97,NO,70.0,False,6
openrouter/microsoft/phi-4,36,3,nlsy97,NO,75.0,False,6
openrouter/microsoft/phi-4,37,1,nlsy97,NO,75.0,False,6
openrouter/microsoft/phi-4,37,2,nlsy97,NO,85.0,False,6
openrouter/microsoft/phi-4,37,3,nlsy97,NO,80.0,False,6
openrouter/microsoft/phi-4,38,1,nlsy97,YES,70.0,True,6
openrouter/microsoft/phi-4,38,2,nlsy97,NO,75.0,True,6
openrouter/microsoft/phi-4,38,3,nlsy97,YES,75.0,True,6
openrouter/microsoft/phi-4,39,1,nlsy97,NO,75.0,False,6
openrouter/microsoft/phi-4,39,2,nlsy97,NO,70.0,False,6
openrouter/microsoft/phi-4,39,3,nlsy97,NO,75.0,False,6
openrouter/microsoft/phi-4,3,1,nlsy97,NO,65.0,False,6
openrouter/microsoft/phi-4,3,2,nlsy97,YES,70.0,False,6
openrouter/microsoft/phi-4,3,3,nlsy97,NO,75.0,False,6
openrouter/microsoft/phi-4,40,1,nlsy97,NO,75.0,False,6
openrouter/microsoft/phi-4,40,2,nlsy97,NO,75.0,False,6
openrouter/microsoft/phi-4,40,3,nlsy97,NO,75.0,False,6
openrouter/microsoft/phi-4,41,1,nlsy97,NO,75.0,False,6
openrouter/microsoft/phi-4,41,2,nlsy97,NO,75.0,False,6
openrouter/microsoft/phi-4,41,3,nlsy97,NO,70.0,False,6
openrouter/microsoft/phi-4,42,1,nlsy97,NO,70.0,True,6
openrouter/microsoft/phi-4,42,2,nlsy97,NO,75.0,True,6
openrouter/microsoft/phi-4,42,3,nlsy97,YES,75.0,True,6
openrouter/microsoft/phi-4,43,1,nlsy97,NO,70.0,True,6
openrouter/microsoft/phi-4,43,2,nlsy97,YES,70.0,True,6
openrouter/microsoft/phi-4,43,3,nlsy97,NO,85.0,True,6
openrouter/microsoft/phi-4,44,1,nlsy97,NO,70.0,False,6
openrouter/microsoft/phi-4,44,2,nlsy97,NO,85.0,False,6
openrouter/microsoft/phi-4,44,3,nlsy97,NO,75.0,False,6
openrouter/microsoft/phi-4,45,1,nlsy97,NO,65.0,True,6
openrouter/microsoft/phi-4,45,2,nlsy97,YES,75.0,True,6
openrouter/microsoft/phi-4,45,3,nlsy97,YES,80.0,True,6
openrouter/microsoft/phi-4,46,1,nlsy97,YES,85.0,False,6
openrouter/microsoft/phi-4,46,2,nlsy97,NO,85.0,False,6
openrouter/microsoft/phi-4,46,3,nlsy97,YES,75.0,False,6
openrouter/microsoft/phi-4,47,1,nlsy97,YES,75.0,True,6
openrouter/microsoft/phi-4,47,2,nlsy97,YES,75.0,True,6
openrouter/microsoft/phi-4,47,3,nlsy97,NO,75.0,True,6
openrouter/microsoft/phi-4,48,1,nlsy97,NO,75.0,False,6
openrouter/microsoft/phi-4,48,2,nlsy97,YES,65.0,False,6
openrouter/microsoft/phi-4,48,3,nlsy97,YES,70.0,False,6
openrouter/microsoft/phi-4,49,1,nlsy97,NO,75.0,True,6
openrouter/microsoft/phi-4,49,2,nlsy97,NO,70.0,True,6
openrouter/microsoft/phi-4,49,3,nlsy97,YES,70.0,True,6
openrouter/microsoft/phi-4,4,1,nlsy97,NO,75.0,False,6
openrouter/microsoft/phi-4,4,2,nlsy97,NO,75.0,False,6
openrouter/microsoft/phi-4,4,3,nlsy97,NO,75.0,False,6
openrouter/microsoft/phi-4,50,1,nlsy97,YES,75.0,True,6
openrouter/microsoft/phi-4,50,2,nlsy97,YES,70.0,True,6
openrouter/microsoft/phi-4,50,3,nlsy97,NO,75.0,True,6
openrouter/microsoft/phi-4,51,1,nlsy97,NO,85.0,False,6
openrouter/microsoft/phi-4,51,2,nlsy97,NO,85.0,False,6
openrouter/microsoft/phi-4,51,3,nlsy97,NO,75.0,False,6
openrouter/microsoft/phi-4,52,1,nlsy97,NO,85.0,True,6
openrouter/microsoft/phi-4,52,2,nlsy97,YES,75.0,True,6
openrouter/microsoft/phi-4,52,3,nlsy97,NO,85.0,True,6
openrouter/microsoft/phi-4,53,1,nlsy97,NO,70.0,False,6
openrouter/microsoft/phi-4,53,2,nlsy97,NO,75.0,False,6
openrouter/microsoft/phi-4,53,3,nlsy97,YES,70.0,False,6
openrouter/microsoft/phi-4,54,1,nlsy97,NO,75.0,True,6
openrouter/microsoft/phi-4,54,2,nlsy97,NO,70.0,True,6
openrouter/microsoft/phi-4,54,3,nlsy97,YES,70.0,True,6
openrouter/microsoft/phi-4,55,1,nlsy97,YES,70.0,False,6
openrouter/microsoft/phi-4,55,2,nlsy97,YES,80.0,False,6
openrouter/microsoft/phi-4,55,3,nlsy97,YES,70.0,False,6
openrouter/microsoft/phi-4,56,1,nlsy97,NO,75.0,False,6
openrouter/microsoft/phi-4,56,2,nlsy97,NO,65.0,False,6
openrouter/microsoft/phi-4,56,3,nlsy97,YES,75.0,False,6
openrouter/microsoft/phi-4,57,1,nlsy97,YES,70.0,True,6
openrouter/microsoft/phi-4,57,2,nlsy97,NO,75.0,True,6
openrouter/microsoft/phi-4,57,3,nlsy97,YES,85.0,True,6
openrouter/microsoft/phi-4,58,1,nlsy97,NO,75.0,True,6
openrouter/microsoft/phi-4,58,2,nlsy97,NO,75.0,True,6
openrouter/microsoft/phi-4,58,3,nlsy97,NO,75.0,True,6
openrouter/microsoft/phi-4,59,1,nlsy97,YES,75.0,False,6
openrouter/microsoft/phi-4,59,2,nlsy97,NO,75.0,False,6
openrouter/microsoft/phi-4,59,3,nlsy97,NO,75.0,False,6
openrouter/microsoft/phi-4,5,1,nlsy97,NO,70.0,False,6
openrouter/microsoft/phi-4,5,2,nlsy97,NO,75.0,False,6
openrouter/microsoft/phi-4,5,3,nlsy97,NO,75.0,False,6
openrouter/microsoft/phi-4,60,1,nlsy97,NO,80.0,False,6
openrouter/microsoft/phi-4,60,2,nlsy97,NO,75.0,False,6
openrouter/microsoft/phi-4,60,3,nlsy97,NO,75.0,False,6
openrouter/microsoft/phi-4,61,1,nlsy97,NO,75.0,False,6
openrouter/microsoft/phi-4,61,2,nlsy97,NO,75.0,False,6
openrouter/microsoft/phi-4,61,3,nlsy97,NO,75.0,False,6
openrouter/microsoft/phi-4,62,1,nlsy97,NO,75.0,False,6
openrouter/microsoft/phi-4,62,2,nlsy97,NO,75.0,False,6
openrouter/microsoft/phi-4,62,3,nlsy97,NO,70.0,False,6
openrouter/microsoft/phi-4,63,1,nlsy97,YES,75.0,False,6
openrouter/microsoft/phi-4,63,2,nlsy97,YES,75.0,False,6
openrouter/microsoft/phi-4,63,3,nlsy97,YES,85.0,False,6
openrouter/microsoft/phi-4,64,1,nlsy97,YES,75.0,False,6
openrouter/microsoft/phi-4,64,2,nlsy97,NO,65.0,False,6
openrouter/microsoft/phi-4,64,3,nlsy97,NO,80.0,False,6
openrouter/microsoft/phi-4,65,1,nlsy97,NO,75.0,False,6
openrouter/microsoft/phi-4,65,2,nlsy97,NO,75.0,False,6
openrouter/microsoft/phi-4,65,3,nlsy97,NO,75.0,False,6
openrouter/microsoft/phi-4,66,1,nlsy97,YES,75.0,True,6
openrouter/microsoft/phi-4,66,2,nlsy97,NO,75.0,True,6
openrouter/microsoft/phi-4,66,3,nlsy97,NO,75.0,True,6
openrouter/microsoft/phi-4,67,1,nlsy97,NO,75.0,False,6
openrouter/microsoft/phi-4,67,2,nlsy97,NO,75.0,False,6
openrouter/microsoft/phi-4,67,3,nlsy97,NO,65.0,False,6
openrouter/microsoft/phi-4,68,1,nlsy97,YES,75.0,True,6
openrouter/microsoft/phi-4,68,2,nlsy97,NO,75.0,True,6
openrouter/microsoft/phi-4,68,3,nlsy97,NO,75.0,True,6
openrouter/microsoft/phi-4,69,1,nlsy97,NO,75.0,False,6
openrouter/microsoft/phi-4,69,2,nlsy97,YES,70.0,False,6
openrouter/microsoft/phi-4,69,3,nlsy97,NO,75.0,False,6
openrouter/microsoft/phi-4,6,1,nlsy97,NO,70.0,False,6
openrouter/microsoft/phi-4,6,2,nlsy97,NO,75.0,False,6
openrouter/microsoft/phi-4,6,3,nlsy97,NO,85.0,False,6
openrouter/microsoft/phi-4,70,1,nlsy97,NO,85.0,False,6
openrouter/microsoft/phi-4,70,2,nlsy97,NO,85.0,False,6
openrouter/microsoft/phi-4,70,3,nlsy97,NO,75.0,False,6
openrouter/microsoft/phi-4,71,1,nlsy97,NO,75.0,False,6
openrouter/microsoft/phi-4,71,2,nlsy97,NO,75.0,False,6
openrouter/microsoft/phi-4,71,3,nlsy97,YES,85.0,False,6
openrouter/microsoft/phi-4,72,1,nlsy97,NO,75.0,False,6
openrouter/microsoft/phi-4,72,2,nlsy97,NO,75.0,False,6
openrouter/microsoft/phi-4,72,3,nlsy97,YES,75.0,False,6
openrouter/microsoft/phi-4,73,1,nlsy97,NO,75.0,False,6
openrouter/microsoft/phi-4,73,2,nlsy97,YES,70.0,False,6
openrouter/microsoft/phi-4,73,3,nlsy97,YES,70.0,False,6
openrouter/microsoft/phi-4,74,1,nlsy97,NO,70.0,False,6
openrouter/microsoft/phi-4,74,2,nlsy97,NO,75.0,False,6
openrouter/microsoft/phi-4,74,3,nlsy97,YES,70.0,False,6
openrouter/microsoft/phi-4,75,1,nlsy97,NO,75.0,False,6
openrouter/microsoft/phi-4,75,2,nlsy97,YES,75.0,False,6
openrouter/microsoft/phi-4,75,3,nlsy97,NO,70.0,False,6
openrouter/microsoft/phi-4,76,1,nlsy97,NO,75.0,False,6
openrouter/microsoft/phi-4,76,2,nlsy97,YES,75.0,False,6
openrouter/microsoft/phi-4,76,3,nlsy97,NO,75.0,False,6
openrouter/microsoft/phi-4,77,1,nlsy97,YES,75.0,True,6
openrouter/microsoft/phi-4,77,2,nlsy97,YES,75.0,True,6
openrouter/microsoft/phi-4,77,3,nlsy97,NO,75.0,True,6
openrouter/microsoft/phi-4,78,1,nlsy97,NO,70.0,False,6
openrouter/microsoft/phi-4,78,2,nlsy97,NO,75.0,False,6
openrouter/microsoft/phi-4,78,3,nlsy97,NO,65.0,False,6
openrouter/microsoft/phi-4,79,1,nlsy97,NO,65.0,False,6
openrouter/microsoft/phi-4,79,2,nlsy97,YES,70.0,False,6
openrouter/microsoft/phi-4,79,3,nlsy97,NO,75.0,False,6
openrouter/microsoft/phi-4,7,1,nlsy97,NO,75.0,True,6
openrouter/microsoft/phi-4,7,2,nlsy97,NO,75.0,True,6
openrouter/microsoft/phi-4,7,3,nlsy97,YES,70.0,True,6
openrouter/microsoft/phi-4,80,1,nlsy97,NO,75.0,False,6
openrouter/microsoft/phi-4,80,2,nlsy97,NO,75.0,False,6
openrouter/microsoft/phi-4,80,3,nlsy97,NO,70.0,False,6
openrouter/microsoft/phi-4,81,1,nlsy97,YES,75.0,True,6
openrouter/microsoft/phi-4,81,2,nlsy97,YES,75.0,True,6
openrouter/microsoft/phi-4,81,3,nlsy97,NO,75.0,True,6
openrouter/microsoft/phi-4,82,1,nlsy97,NO,75.0,True,6
openrouter/microsoft/phi-4,82,2,nlsy97,YES,75.0,True,6
openrouter/microsoft/phi-4,82,3,nlsy97,YES,75.0,True,6
openrouter/microsoft/phi-4,83,1,nlsy97,NO,85.0,False,6
openrouter/microsoft/phi-4,83,2,nlsy97,NO,75.0,False,6
openrouter/microsoft/phi-4,83,3,nlsy97,NO,85.0,False,6
openrouter/microsoft/phi-4,84,1,nlsy97,NO,75.0,True,6
openrouter/microsoft/phi-4,84,2,nlsy97,NO,75.0,True,6
openrouter/microsoft/phi-4,84,3,nlsy97,NO,85.0,True,6
openrouter/microsoft/phi-4,85,1,nlsy97,YES,85.0,False,6
openrouter/microsoft/phi-4,85,2,nlsy97,NO,75.0,False,6
openrouter/microsoft/phi-4,85,3,nlsy97,NO,70.0,False,6
openrouter/microsoft/phi-4,86,1,nlsy97,NO,75.0,True,6
openrouter/microsoft/phi-4,86,2,nlsy97,NO,75.0,True,6
openrouter/microsoft/phi-4,86,3,nlsy97,NO,75.0,True,6
openrouter/microsoft/phi-4,87,1,nlsy97,NO,75.0,False,6
openrouter/microsoft/phi-4,87,2,nlsy97,NO,70.0,False,6
openrouter/microsoft/phi-4,87,3,nlsy97,YES,85.0,False,6
openrouter/microsoft/phi-4,88,1,nlsy97,NO,75.0,True,6
openrouter/microsoft/phi-4,88,2,nlsy97,NO,75.0,True,6
openrouter/microsoft/phi-4,88,3,nlsy97,YES,75.0,True,6
openrouter/microsoft/phi-4,89,1,nlsy97,NO,75.0,False,6
openrouter/microsoft/phi-4,89,2,nlsy97,NO,70.0,False,6
openrouter/microsoft/phi-4,89,3,nlsy97,NO,85.0,False,6
openrouter/microsoft/phi-4,8,1,nlsy97,YES,75.0,False,6
openrouter/microsoft/phi-4,8,2,nlsy97,YES,85.0,False,6
openrouter/microsoft/phi-4,8,3,nlsy97,NO,70.0,False,6
openrouter/microsoft/phi-4,90,1,nlsy97,YES,75.0,False,6
openrouter/microsoft/phi-4,90,2,nlsy97,NO,75.0,False,6
openrouter/microsoft/phi-4,90,3,nlsy97,NO,75.0,False,6
openrouter/microsoft/phi-4,91,1,nlsy97,YES,75.0,False,6
openrouter/microsoft/phi-4,91,2,nlsy97,YES,85.0,False,6
openrouter/microsoft/phi-4,91,3,nlsy97,YES,85.0,False,6
openrouter/microsoft/phi-4,92,1,nlsy97,YES,75.0,True,6
openrouter/microsoft/phi-4,92,2,nlsy97,NO,75.0,True,6
openrouter/microsoft/phi-4,92,3,nlsy97,NO,75.0,True,6
openrouter/microsoft/phi-4,93,1,nlsy97,YES,65.0,True,6
openrouter/microsoft/phi-4,93,2,nlsy97,NO,70.0,True,6
openrouter/microsoft/phi-4,93,3,nlsy97,NO,70.0,True,6
openrouter/microsoft/phi-4,94,1,nlsy97,NO,75.0,False,6
openrouter/microsoft/phi-4,94,2,nlsy97,NO,70.0,False,6
openrouter/microsoft/phi-4,94,3,nlsy97,YES,70.0,False,6
openrouter/microsoft/phi-4,95,1,nlsy97,NO,85.0,False,6
openrouter/microsoft/phi-4,95,2,nlsy97,NO,85.0,False,6
openrouter/microsoft/phi-4,95,3,nlsy97,NO,75.0,False,6
openrouter/microsoft/phi-4,96,1,nlsy97,NO,65.0,False,6
openrouter/microsoft/phi-4,96,2,nlsy97,NO,70.0,False,6
openrouter/microsoft/phi-4,96,3,nlsy97,NO,75.0,False,6
openrouter/microsoft/phi-4,97,1,nlsy97,YES,85.0,False,6
openrouter/microsoft/phi-4,97,2,nlsy97,YES,70.0,False,6
openrouter/microsoft/phi-4,97,3,nlsy97,YES,75.0,False,6
openrouter/microsoft/phi-4,98,1,nlsy97,YES,70.0,True,6
openrouter/microsoft/phi-4,98,2,nlsy97,NO,75.0,True,6
openrouter/microsoft/phi-4,98,3,nlsy97,NO,75.0,True,6
openrouter/microsoft/phi-4,99,1,nlsy97,NO,75.0,True,6
openrouter/microsoft/phi-4,99,2,nlsy97,NO,75.0,True,6
openrouter/microsoft/phi-4,99,3,nlsy97,NO,70.0,True,6
openrouter/microsoft/phi-4,9,1,nlsy97,NO,75.0,False,6
openrouter/microsoft/phi-4,9,2,nlsy97,YES,75.0,False,6
openrouter/microsoft/phi-4,9,3,nlsy97,YES,85.0,False,6
openrouter/qwen/qwen-2.5-7b-instruct,0,1,nlsy97,NO,75.0,True,6
openrouter/qwen/qwen-2.5-7b-instruct,0,2,nlsy97,YES,65.0,True,6
openrouter/qwen/qwen-2.5-7b-instruct,0,3,nlsy97,YES,70.0,True,6
openrouter/qwen/qwen-2.5-7b-instruct,10,1,nlsy97,NO,75.0,False,6
openrouter/qwen/qwen-2.5-7b-instruct,10,2,nlsy97,NO,65.0,False,6
openrouter/qwen/qwen-2.5-7b-instruct,10,3,nlsy97,NO,65.0,False,6
openrouter/qwen/qwen-2.5-7b-instruct,11,1,nlsy97,NO,60.0,False,6
openrouter/qwen/qwen-2.5-7b-instruct,11,2,nlsy97,NO,70.0,False,6
openrouter/qwen/qwen-2.5-7b-instruct,11,3,nlsy97,NO,60.0,False,6
openrouter/qwen/qwen-2.5-7b-instruct,12,1,nlsy97,YES,75.0,False,6
openrouter/qwen/qwen-2.5-7b-instruct,12,2,nlsy97,YES,75.0,False,6
openrouter/qwen/qwen-2.5-7b-instruct,12,3,nlsy97,YES,70.0,False,6
openrouter/qwen/qwen-2.5-7b-instruct,13,1,nlsy97,NO,75.0,False,6
openrouter/qwen/qwen-2.5-7b-instruct,13,2,nlsy97,YES,65.0,False,6
openrouter/qwen/qwen-2.5-7b-instruct,13,3,nlsy97,NO,65.0,False,6
openrouter/qwen/qwen-2.5-7b-instruct,14,1,nlsy97,NO,75.0,True,6
openrouter/qwen/qwen-2.5-7b-instruct,14,2,nlsy97,NO,75.0,True,6
openrouter/qwen/qwen-2.5-7b-instruct,14,3,nlsy97,NO,75.0,True,6
openrouter/qwen/qwen-2.5-7b-instruct,15,1,nlsy97,NO,75.0,False,6
openrouter/qwen/qwen-2.5-7b-instruct,15,2,nlsy97,NO,70.0,False,6
openrouter/qwen/qwen-2.5-7b-instruct,15,3,nlsy97,NO,75.0,False,6
openrouter/qwen/qwen-2.5-7b-instruct,16,1,nlsy97,NO,85.0,False,6
openrouter/qwen/qwen-2.5-7b-instruct,16,2,nlsy97,NO,75.0,False,6
openrouter/qwen/qwen-2.5-7b-instruct,16,3,nlsy97,NO,70.0,False,6
openrouter/qwen/qwen-2.5-7b-instruct,17,1,nlsy97,NO,65.0,False,6
openrouter/qwen/qwen-2.5-7b-instruct,17,2,nlsy97,NO,75.0,False,6
openrouter/qwen/qwen-2.5-7b-instruct,17,3,nlsy97,NO,60.0,False,6
openrouter/qwen/qwen-2.5-7b-instruct,18,1,nlsy97,NO,70.0,False,6
openrouter/qwen/qwen-2.5-7b-instruct,18,2,nlsy97,NO,75.0,False,6
openrouter/qwen/qwen-2.5-7b-instruct,18,3,nlsy97,NO,70.0,False,6
openrouter/qwen/qwen-2.5-7b-instruct,19,1,nlsy97,NO,70.0,False,6
openrouter/qwen/qwen-2.5-7b-instruct,19,2,nlsy97,NO,75.0,False,6
openrouter/qwen/qwen-2.5-7b-instruct,19,3,nlsy97,NO,75.0,False,6
openrouter/qwen/qwen-2.5-7b-instruct,1,1,nlsy97,YES,75.0,False,6
openrouter/qwen/qwen-2.5-7b-instruct,1,2,nlsy97,NO,75.0,False,6
openrouter/qwen/qwen-2.5-7b-instruct,1,3,nlsy97,YES,75.0,False,6
openrouter/qwen/qwen-2.5-7b-instruct,20,1,nlsy97,NO,75.0,True,6
openrouter/qwen/qwen-2.5-7b-instruct,20,2,nlsy97,NO,75.0,True,6
openrouter/qwen/qwen-2.5-7b-instruct,20,3,nlsy97,NO,75.0,True,6
openrouter/qwen/qwen-2.5-7b-instruct,21,1,nlsy97,NO,65.0,True,6
openrouter/qwen/qwen-2.5-7b-instruct,21,2,nlsy97,NO,75.0,True,6
openrouter/qwen/qwen-2.5-7b-instruct,21,3,nlsy97,NO,65.0,True,6
openrouter/qwen/qwen-2.5-7b-instruct,22,1,nlsy97,NO,75.0,False,6
openrouter/qwen/qwen-2.5-7b-instruct,22,2,nlsy97,YES,75.0,False,6
openrouter/qwen/qwen-2.5-7b-instruct,22,3,nlsy97,NO,85.0,False,6
openrouter/qwen/qwen-2.5-7b-instruct,23,1,nlsy97,NO,65.0,True,6
openrouter/qwen/qwen-2.5-7b-instruct,23,2,nlsy97,NO,60.0,True,6
openrouter/qwen/qwen-2.5-7b-instruct,23,3,nlsy97,NO,70.0,True,6
openrouter/qwen/qwen-2.5-7b-instruct,24,1,nlsy97,NO,75.0,False,6
openrouter/qwen/qwen-2.5-7b-instruct,24,2,nlsy97,NO,70.0,False,6
openrouter/qwen/qwen-2.5-7b-instruct,24,3,nlsy97,NO,75.0,False,6
openrouter/qwen/qwen-2.5-7b-instruct,25,1,nlsy97,NO,80.0,True,6
openrouter/qwen/qwen-2.5-7b-instruct,25,2,nlsy97,NO,65.0,True,6
openrouter/qwen/qwen-2.5-7b-instruct,25,3,nlsy97,NO,75.0,True,6
openrouter/qwen/qwen-2.5-7b-instruct,26,1,nlsy97,NO,75.0,False,6
openrouter/qwen/qwen-2.5-7b-instruct,26,2,nlsy97,NO,65.0,False,6
openrouter/qwen/qwen-2.5-7b-instruct,26,3,nlsy97,NO,65.0,False,6
openrouter/qwen/qwen-2.5-7b-instruct,27,1,nlsy97,NO,75.0,False,6
openrouter/qwen/qwen-2.5-7b-instruct,27,2,nlsy97,NO,70.0,False,6
openrouter/qwen/qwen-2.5-7b-instruct,27,3,nlsy97,NO,55.0,False,6
openrouter/qwen/qwen-2.5-7b-instruct,28,1,nlsy97,NO,65.0,True,6
openrouter/qwen/qwen-2.5-7b-instruct,28,2,nlsy97,NO,75.0,True,6
openrouter/qwen/qwen-2.5-7b-instruct,28,3,nlsy97,NO,65.0,True,6
openrouter/qwen/qwen-2.5-7b-instruct,29,1,nlsy97,NO,85.0,False,6
openrouter/qwen/qwen-2.5-7b-instruct,29,2,nlsy97,NO,75.0,False,6
openrouter/qwen/qwen-2.5-7b-instruct,29,3,nlsy97,NO,75.0,False,6
openrouter/qwen/qwen-2.5-7b-instruct,2,1,nlsy97,NO,75.0,True,6
openrouter/qwen/qwen-2.5-7b-instruct,2,2,nlsy97,NO,85.0,True,6
openrouter/qwen/qwen-2.5-7b-instruct,2,3,nlsy97,NO,75.0,True,6
openrouter/qwen/qwen-2.5-7b-instruct,30,1,nlsy97,NO,75.0,True,6
openrouter/qwen/qwen-2.5-7b-instruct,30,2,nlsy97,NO,65.0,True,6
openrouter/qwen/qwen-2.5-7b-instruct,30,3,nlsy97,NO,85.0,True,6
openrouter/qwen/qwen-2.5-7b-instruct,31,1,nlsy97,NO,65.0,True,6
openrouter/qwen/qwen-2.5-7b-instruct,31,2,nlsy97,NO,70.0,True,6
openrouter/qwen/qwen-2.5-7b-instruct,31,3,nlsy97,NO,75.0,True,6
openrouter/qwen/qwen-2.5-7b-instruct,32,1,nlsy97,NO,60.0,False,6
openrouter/qwen/qwen-2.5-7b-instruct,32,2,nlsy97,NO,75.0,False,6
openrouter/qwen/qwen-2.5-7b-instruct,32,3,nlsy97,NO,75.0,False,6
openrouter/qwen/qwen-2.5-7b-instruct,33,1,nlsy97,NO,60.0,False,6
openrouter/qwen/qwen-2.5-7b-instruct,33,2,nlsy97,NO,75.0,False,6
openrouter/qwen/qwen-2.5-7b-instruct,33,3,nlsy97,NO,75.0,False,6
openrouter/qwen/qwen-2.5-7b-instruct,34,1,nlsy97,YES,75.0,True,6
openrouter/qwen/qwen-2.5-7b-instruct,34,2,nlsy97,NO,60.0,True,6
openrouter/qwen/qwen-2.5-7b-instruct,34,3,nlsy97,NO,75.0,True,6
openrouter/qwen/qwen-2.5-7b-instruct,35,1,nlsy97,NO,75.0,True,6
openrouter/qwen/qwen-2.5-7b-instruct,35,2,nlsy97,NO,75.0,True,6
openrouter/qwen/qwen-2.5-7b-instruct,35,3,nlsy97,NO,70.0,True,6
openrouter/qwen/qwen-2.5-7b-instruct,36,1,nlsy97,NO,75.0,False,6
openrouter/qwen/qwen-2.5-7b-instruct,36,2,nlsy97,NO,75.0,False,6
openrouter/qwen/qwen-2.5-7b-instruct,36,3,nlsy97,NO,75.0,False,6
openrouter/qwen/qwen-2.5-7b-instruct,37,1,nlsy97,NO,75.0,False,6
openrouter/qwen/qwen-2.5-7b-instruct,37,2,nlsy97,NO,65.0,False,6
openrouter/qwen/qwen-2.5-7b-instruct,37,3,nlsy97,NO,75.0,False,6
openrouter/qwen/qwen-2.5-7b-instruct,38,1,nlsy97,NO,75.0,True,6
openrouter/qwen/qwen-2.5-7b-instruct,38,2,nlsy97,NO,65.0,True,6
openrouter/qwen/qwen-2.5-7b-instruct,38,3,nlsy97,NO,60.0,True,6
openrouter/qwen/qwen-2.5-7b-instruct,39,1,nlsy97,NO,75.0,False,6
openrouter/qwen/qwen-2.5-7b-instruct,39,2,nlsy97,NO,75.0,False,6
openrouter/qwen/qwen-2.5-7b-instruct,39,3,nlsy97,NO,65.0,False,6
openrouter/qwen/qwen-2.5-7b-instruct,3,1,nlsy97,NO,75.0,False,6
openrouter/qwen/qwen-2.5-7b-instruct,3,2,nlsy97,NO,75.0,False,6
openrouter/qwen/qwen-2.5-7b-instruct,3,3,nlsy97,YES,65.0,False,6
openrouter/qwen/qwen-2.5-7b-instruct,40,1,nlsy97,NO,65.0,False,6
openrouter/qwen/qwen-2.5-7b-instruct,40,2,nlsy97,NO,75.0,False,6
openrouter/qwen/qwen-2.5-7b-instruct,40,3,nlsy97,NO,75.0,False,6
openrouter/qwen/qwen-2.5-7b-instruct,41,1,nlsy97,NO,75.0,False,6
openrouter/qwen/qwen-2.5-7b-instruct,41,2,nlsy97,NO,75.0,False,6
openrouter/qwen/qwen-2.5-7b-instruct,41,3,nlsy97,NO,70.0,False,6
openrouter/qwen/qwen-2.5-7b-instruct,42,1,nlsy97,NO,75.0,True,6
openrouter/qwen/qwen-2.5-7b-instruct,42,2,nlsy97,NO,60.0,True,6
openrouter/qwen/qwen-2.5-7b-instruct,42,3,nlsy97,NO,75.0,True,6
openrouter/qwen/qwen-2.5-7b-instruct,43,1,nlsy97,NO,65.0,True,6
openrouter/qwen/qwen-2.5-7b-instruct,43,2,nlsy97,NO,75.0,True,6
openrouter/qwen/qwen-2.5-7b-instruct,43,3,nlsy97,NO,65.0,True,6
openrouter/qwen/qwen-2.5-7b-instruct,44,1,nlsy97,NO,75.0,False,6
openrouter/qwen/qwen-2.5-7b-instruct,44,2,nlsy97,NO,75.0,False,6
openrouter/qwen/qwen-2.5-7b-instruct,44,3,nlsy97,NO,75.0,False,6
openrouter/qwen/qwen-2.5-7b-instruct,45,1,nlsy97,YES,70.0,True,6
openrouter/qwen/qwen-2.5-7b-instruct,45,2,nlsy97,NO,75.0,True,6
openrouter/qwen/qwen-2.5-7b-instruct,45,3,nlsy97,YES,65.0,True,6
openrouter/qwen/qwen-2.5-7b-instruct,46,1,nlsy97,NO,55.0,False,6
openrouter/qwen/qwen-2.5-7b-instruct,46,2,nlsy97,YES,75.0,False,6
openrouter/qwen/qwen-2.5-7b-instruct,46,3,nlsy97,YES,75.0,False,6
openrouter/qwen/qwen-2.5-7b-instruct,47,1,nlsy97,YES,75.0,True,6
openrouter/qwen/qwen-2.5-7b-instruct,47,2,nlsy97,NO,75.0,True,6
openrouter/qwen/qwen-2.5-7b-instruct,47,3,nlsy97,NO,75.0,True,6
openrouter/qwen/qwen-2.5-7b-instruct,48,1,nlsy97,NO,75.0,False,6
openrouter/qwen/qwen-2.5-7b-instruct,48,2,nlsy97,NO,75.0,False,6
openrouter/qwen/qwen-2.5-7b-instruct,48,3,nlsy97,NO,85.0,False,6
openrouter/qwen/qwen-2.5-7b-instruct,49,1,nlsy97,NO,85.0,True,6
openrouter/qwen/qwen-2.5-7b-instruct,49,2,nlsy97,NO,75.0,True,6
openrouter/qwen/qwen-2.5-7b-instruct,49,3,nlsy97,NO,75.0,True,6
openrouter/qwen/qwen-2.5-7b-instruct,4,1,nlsy97,NO,65.0,False,6
openrouter/qwen/qwen-2.5-7b-instruct,4,2,nlsy97,NO,65.0,False,6
openrouter/qwen/qwen-2.5-7b-instruct,4,3,nlsy97,NO,75.0,False,6
openrouter/qwen/qwen-2.5-7b-instruct,50,1,nlsy97,NO,65.0,True,6
openrouter/qwen/qwen-2.5-7b-instruct,50,2,nlsy97,NO,75.0,True,6
openrouter/qwen/qwen-2.5-7b-instruct,50,3,nlsy97,NO,75.0,True,6
openrouter/qwen/qwen-2.5-7b-instruct,51,1,nlsy97,NO,70.0,False,6
openrouter/qwen/qwen-2.5-7b-instruct,51,2,nlsy97,NO,75.0,False,6
openrouter/qwen/qwen-2.5-7b-instruct,51,3,nlsy97,NO,75.0,False,6
openrouter/qwen/qwen-2.5-7b-instruct,52,1,nlsy97,NO,70.0,True,6
openrouter/qwen/qwen-2.5-7b-instruct,52,2,nlsy97,NO,75.0,True,6
openrouter/qwen/qwen-2.5-7b-instruct,52,3,nlsy97,NO,60.0,True,6
openrouter/qwen/qwen-2.5-7b-instruct,53,1,nlsy97,NO,70.0,False,6
openrouter/qwen/qwen-2.5-7b-instruct,53,2,nlsy97,NO,70.0,False,6
openrouter/qwen/qwen-2.5-7b-instruct,53,3,nlsy97,NO,65.0,False,6
openrouter/qwen/qwen-2.5-7b-instruct,54,1,nlsy97,NO,75.0,True,6
openrouter/qwen/qwen-2.5-7b-instruct,54,2,nlsy97,NO,75.0,True,6
openrouter/qwen/qwen-2.5-7b-instruct,54,3,nlsy97,YES,75.0,True,6
openrouter/qwen/qwen-2.5-7b-instruct,55,1,nlsy97,NO,75.0,False,6
openrouter/qwen/qwen-2.5-7b-instruct,55,2,nlsy97,YES,75.0,False,6
openrouter/qwen/qwen-2.5-7b-instruct,55,3,nlsy97,NO,65.0,False,6
openrouter/qwen/qwen-2.5-7b-instruct,56,1,nlsy97,NO,75.0,False,6
openrouter/qwen/qwen-2.5-7b-instruct,56,2,nlsy97,NO,65.0,False,6
openrouter/qwen/qwen-2.5-7b-instruct,56,3,nlsy97,NO,70.0,False,6
openrouter/qwen/qwen-2.5-7b-instruct,57,1,nlsy97,YES,75.0,True,6
openrouter/qwen/qwen-2.5-7b-instruct,57,2,nlsy97,NO,55.0,True,6
openrouter/qwen/qwen-2.5-7b-instruct,57,3,nlsy97,NO,65.0,True,6
openrouter/qwen/qwen-2.5-7b-instruct,58,1,nlsy97,YES,75.0,True,6
openrouter/qwen/qwen-2.5-7b-instruct,58,2,nlsy97,YES,70.0,True,6
openrouter/qwen/qwen-2.5-7b-instruct,58,3,nlsy97,NO,65.0,True,6
openrouter/qwen/qwen-2.5-7b-instruct,59,1,nlsy97,NO,75.0,False,6
openrouter/qwen/qwen-2.5-7b-instruct,59,2,nlsy97,NO,65.0,False,6
openrouter/qwen/qwen-2.5-7b-instruct,59,3,nlsy97,NO,75.0,False,6
openrouter/qwen/qwen-2.5-7b-instruct,5,1,nlsy97,NO,75.0,False,6
openrouter/qwen/qwen-2.5-7b-instruct,5,2,nlsy97,NO,75.0,False,6
openrouter/qwen/qwen-2.5-7b-instruct,5,3,nlsy97,NO,75.0,False,6
openrouter/qwen/qwen-2.5-7b-instruct,60,1,nlsy97,NO,85.0,False,6
openrouter/qwen/qwen-2.5-7b-instruct,60,2,nlsy97,NO,75.0,False,6
openrouter/qwen/qwen-2.5-7b-instruct,60,3,nlsy97,NO,60.0,False,6
openrouter/qwen/qwen-2.5-7b-instruct,61,1,nlsy97,NO,85.0,False,6
openrouter/qwen/qwen-2.5-7b-instruct,61,2,nlsy97,NO,75.0,False,6
openrouter/qwen/qwen-2.5-7b-instruct,61,3,nlsy97,NO,85.0,False,6
openrouter/qwen/qwen-2.5-7b-instruct,62,1,nlsy97,NO,85.0,False,6
openrouter/qwen/qwen-2.5-7b-instruct,62,2,nlsy97,NO,65.0,False,6
openrouter/qwen/qwen-2.5-7b-instruct,62,3,nlsy97,NO,75.0,False,6
openrouter/qwen/qwen-2.5-7b-instruct,63,1,nlsy97,NO,75.0,False,6
openrouter/qwen/qwen-2.5-7b-instruct,63,2,nlsy97,YES,70.0,False,6
openrouter/qwen/qwen-2.5-7b-instruct,63,3,nlsy97,NO,75.0,False,6
openrouter/qwen/qwen-2.5-7b-instruct,64,1,nlsy97,NO,75.0,False,6
openrouter/qwen/qwen-2.5-7b-instruct,64,2,nlsy97,NO,75.0,False,6
openrouter/qwen/qwen-2.5-7b-instruct,64,3,nlsy97,NO,85.0,False,6
openrouter/qwen/qwen-2.5-7b-instruct,65,1,nlsy97,NO,65.0,False,6
openrouter/qwen/qwen-2.5-7b-instruct,65,2,nlsy97,NO,65.0,False,6
openrouter/qwen/qwen-2.5-7b-instruct,65,3,nlsy97,NO,75.0,False,6
openrouter/qwen/qwen-2.5-7b-instruct,66,1,nlsy97,NO,75.0,True,6
openrouter/qwen/qwen-2.5-7b-instruct,66,2,nlsy97,NO,85.0,True,6
openrouter/qwen/qwen-2.5-7b-instruct,66,3,nlsy97,NO,75.0,True,6
openrouter/qwen/qwen-2.5-7b-instruct,67,1,nlsy97,NO,65.0,False,6
openrouter/qwen/qwen-2.5-7b-instruct,67,2,nlsy97,NO,75.0,False,6
openrouter/qwen/qwen-2.5-7b-instruct,67,3,nlsy97,NO,75.0,False,6
openrouter/qwen/qwen-2.5-7b-instruct,68,1,nlsy97,NO,70.0,True,6
openrouter/qwen/qwen-2.5-7b-instruct,68,2,nlsy97,NO,70.0,True,6
openrouter/qwen/qwen-2.5-7b-instruct,68,3,nlsy97,NO,75.0,True,6
openrouter/qwen/qwen-2.5-7b-instruct,69,1,nlsy97,NO,75.0,False,6
openrouter/qwen/qwen-2.5-7b-instruct,69,2,nlsy97,NO,70.0,False,6
openrouter/qwen/qwen-2.5-7b-instruct,69,3,nlsy97,NO,75.0,False,6
openrouter/qwen/qwen-2.5-7b-instruct,6,1,nlsy97,NO,75.0,False,6
openrouter/qwen/qwen-2.5-7b-instruct,6,2,nlsy97,NO,85.0,False,6
openrouter/qwen/qwen-2.5-7b-instruct,6,3,nlsy97,NO,85.0,False,6
openrouter/qwen/qwen-2.5-7b-instruct,70,1,nlsy97,NO,75.0,False,6
openrouter/qwen/qwen-2.5-7b-instruct,70,2,nlsy97,NO,85.0,False,6
openrouter/qwen/qwen-2.5-7b-instruct,70,3,nlsy97,NO,75.0,False,6
openrouter/qwen/qwen-2.5-7b-instruct,71,1,nlsy97,NO,75.0,False,6
openrouter/qwen/qwen-2.5-7b-instruct,71,2,nlsy97,NO,75.0,False,6
openrouter/qwen/qwen-2.5-7b-instruct,71,3,nlsy97,NO,75.0,False,6
openrouter/qwen/qwen-2.5-7b-instruct,72,1,nlsy97,NO,75.0,False,6
openrouter/qwen/qwen-2.5-7b-instruct,72,2,nlsy97,NO,75.0,False,6
openrouter/qwen/qwen-2.5-7b-instruct,72,3,nlsy97,NO,65.0,False,6
openrouter/qwen/qwen-2.5-7b-instruct,73,1,nlsy97,NO,75.0,False,6
openrouter/qwen/qwen-2.5-7b-instruct,73,2,nlsy97,NO,75.0,False,6
openrouter/qwen/qwen-2.5-7b-instruct,73,3,nlsy97,NO,75.0,False,6
openrouter/qwen/qwen-2.5-7b-instruct,74,1,nlsy97,NO,70.0,False,6
openrouter/qwen/qwen-2.5-7b-instruct,74,2,nlsy97,NO,65.0,False,6
openrouter/qwen/qwen-2.5-7b-instruct,74,3,nlsy97,NO,65.0,False,6
openrouter/qwen/qwen-2.5-7b-instruct,75,1,nlsy97,NO,75.0,False,6
openrouter/qwen/qwen-2.5-7b-instruct,75,2,nlsy97,NO,60.0,False,6
openrouter/qwen/qwen-2.5-7b-instruct,75,3,nlsy97,NO,75.0,False,6
openrouter/qwen/qwen-2.5-7b-instruct,76,1,nlsy97,NO,75.0,False,6
openrouter/qwen/qwen-2.5-7b-instruct,76,2,nlsy97,NO,75.0,False,6
openrouter/qwen/qwen-2.5-7b-instruct,76,3,nlsy97,NO,85.0,False,6
openrouter/qwen/qwen-2.5-7b-instruct,77,1,nlsy97,NO,75.0,True,6
openrouter/qwen/qwen-2.5-7b-instruct,77,2,nlsy97,YES,70.0,True,6
openrouter/qwen/qwen-2.5-7b-instruct,77,3,nlsy97,NO,75.0,True,6
openrouter/qwen/qwen-2.5-7b-instruct,78,1,nlsy97,NO,75.0,False,6
openrouter/qwen/qwen-2.5-7b-instruct,78,2,nlsy97,NO,65.0,False,6
openrouter/qwen/qwen-2.5-7b-instruct,78,3,nlsy97,NO,75.0,False,6
openrouter/qwen/qwen-2.5-7b-instruct,79,1,nlsy97,YES,75.0,False,6
openrouter/qwen/qwen-2.5-7b-instruct,79,2,nlsy97,NO,70.0,False,6
openrouter/qwen/qwen-2.5-7b-instruct,79,3,nlsy97,NO,75.0,False,6
openrouter/qwen/qwen-2.5-7b-instruct,7,1,nlsy97,YES,75.0,True,6
openrouter/qwen/qwen-2.5-7b-instruct,7,2,nlsy97,YES,65.0,True,6
openrouter/qwen/qwen-2.5-7b-instruct,7,3,nlsy97,NO,75.0,True,6
openrouter/qwen/qwen-2.5-7b-instruct,80,1,nlsy97,NO,75.0,False,6
openrouter/qwen/qwen-2.5-7b-instruct,80,2,nlsy97,NO,65.0,False,6
openrouter/qwen/qwen-2.5-7b-instruct,80,3,nlsy97,NO,55.0,False,6
openrouter/qwen/qwen-2.5-7b-instruct,81,1,nlsy97,NO,70.0,True,6
openrouter/qwen/qwen-2.5-7b-instruct,81,2,nlsy97,NO,65.0,True,6
openrouter/qwen/qwen-2.5-7b-instruct,81,3,nlsy97,NO,65.0,True,6
openrouter/qwen/qwen-2.5-7b-instruct,82,1,nlsy97,NO,70.0,True,6
openrouter/qwen/qwen-2.5-7b-instruct,82,2,nlsy97,NO,70.0,True,6
openrouter/qwen/qwen-2.5-7b-instruct,82,3,nlsy97,NO,75.0,True,6
openrouter/qwen/qwen-2.5-7b-instruct,83,1,nlsy97,NO,85.0,False,6
openrouter/qwen/qwen-2.5-7b-instruct,83,2,nlsy97,NO,75.0,False,6
openrouter/qwen/qwen-2.5-7b-instruct,83,3,nlsy97,NO,75.0,False,6
openrouter/qwen/qwen-2.5-7b-instruct,84,1,nlsy97,NO,65.0,True,6
openrouter/qwen/qwen-2.5-7b-instruct,84,2,nlsy97,YES,70.0,True,6
openrouter/qwen/qwen-2.5-7b-instruct,84,3,nlsy97,NO,75.0,True,6
openrouter/qwen/qwen-2.5-7b-instruct,85,1,nlsy97,YES,75.0,False,6
openrouter/qwen/qwen-2.5-7b-instruct,85,2,nlsy97,NO,75.0,False,6
openrouter/qwen/qwen-2.5-7b-instruct,85,3,nlsy97,YES,70.0,False,6
openrouter/qwen/qwen-2.5-7b-instruct,86,1,nlsy97,NO,75.0,True,6
openrouter/qwen/qwen-2.5-7b-instruct,86,2,nlsy97,NO,65.0,True,6
openrouter/qwen/qwen-2.5-7b-instruct,86,3,nlsy97,NO,65.0,True,6
openrouter/qwen/qwen-2.5-7b-instruct,87,1,nlsy97,NO,75.0,False,6
openrouter/qwen/qwen-2.5-7b-instruct,87,2,nlsy97,NO,75.0,False,6
openrouter/qwen/qwen-2.5-7b-instruct,87,3,nlsy97,NO,60.0,False,6
openrouter/qwen/qwen-2.5-7b-instruct,88,1,nlsy97,NO,75.0,True,6
openrouter/qwen/qwen-2.5-7b-instruct,88,2,nlsy97,NO,75.0,True,6
openrouter/qwen/qwen-2.5-7b-instruct,88,3,nlsy97,NO,75.0,True,6
openrouter/qwen/qwen-2.5-7b-instruct,89,1,nlsy97,NO,75.0,False,6
openrouter/qwen/qwen-2.5-7b-instruct,89,2,nlsy97,NO,75.0,False,6
openrouter/qwen/qwen-2.5-7b-instruct,89,3,nlsy97,NO,75.0,False,6
openrouter/qwen/qwen-2.5-7b-instruct,8,1,nlsy97,YES,75.0,False,6
openrouter/qwen/qwen-2.5-7b-instruct,8,2,nlsy97,NO,65.0,False,6
openrouter/qwen/qwen-2.5-7b-instruct,8,3,nlsy97,YES,75.0,False,6
openrouter/qwen/qwen-2.5-7b-instruct,90,1,nlsy97,YES,65.0,False,6
openrouter/qwen/qwen-2.5-7b-instruct,90,2,nlsy97,NO,75.0,False,6
openrouter/qwen/qwen-2.5-7b-instruct,90,3,nlsy97,YES,65.0,False,6
openrouter/qwen/qwen-2.5-7b-instruct,91,1,nlsy97,NO,70.0,False,6
openrouter/qwen/qwen-2.5-7b-instruct,91,2,nlsy97,NO,75.0,False,6
openrouter/qwen/qwen-2.5-7b-instruct,91,3,nlsy97,NO,75.0,False,6
openrouter/qwen/qwen-2.5-7b-instruct,92,1,nlsy97,NO,70.0,True,6
openrouter/qwen/qwen-2.5-7b-instruct,92,2,nlsy97,NO,75.0,True,6
openrouter/qwen/qwen-2.5-7b-instruct,92,3,nlsy97,NO,65.0,True,6
openrouter/qwen/qwen-2.5-7b-instruct,93,1,nlsy97,NO,65.0,True,6
openrouter/qwen/qwen-2.5-7b-instruct,93,2,nlsy97,NO,75.0,True,6
openrouter/qwen/qwen-2.5-7b-instruct,93,3,nlsy97,NO,85.0,True,6
openrouter/qwen/qwen-2.5-7b-instruct,94,1,nlsy97,NO,75.0,False,6
openrouter/qwen/qwen-2.5-7b-instruct,94,2,nlsy97,NO,65.0,False,6
openrouter/qwen/qwen-2.5-7b-instruct,94,3,nlsy97,NO,75.0,False,6
openrouter/qwen/qwen-2.5-7b-instruct,95,1,nlsy97,NO,75.0,False,6
openrouter/qwen/qwen-2.5-7b-instruct,95,2,nlsy97,NO,70.0,False,6
openrouter/qwen/qwen-2.5-7b-instruct,95,3,nlsy97,NO,65.0,False,6
openrouter/qwen/qwen-2.5-7b-instruct,96,1,nlsy97,NO,75.0,False,6
openrouter/qwen/qwen-2.5-7b-instruct,96,2,nlsy97,NO,75.0,False,6
openrouter/qwen/qwen-2.5-7b-instruct,96,3,nlsy97,NO,65.0,False,6
openrouter/qwen/qwen-2.5-7b-instruct,97,1,nlsy97,NO,70.0,False,6
openrouter/qwen/qwen-2.5-7b-instruct,97,2,nlsy97,NO,75.0,False,6
openrouter/qwen/qwen-2.5-7b-instruct,97,3,nlsy97,NO,60.0,False,6
openrouter/qwen/qwen-2.5-7b-instruct,98,1,nlsy97,NO,75.0,True,6
openrouter/qwen/qwen-2.5-7b-instruct,98,2,nlsy97,NO,75.0,True,6
openrouter/qwen/qwen-2.5-7b-instruct,98,3,nlsy97,NO,70.0,True,6
openrouter/qwen/qwen-2.5-7b-instruct,99,1,nlsy97,NO,75.0,True,6
openrouter/qwen/qwen-2.5-7b-instruct,99,2,nlsy97,NO,75.0,True,6
openrouter/qwen/qwen-2.5-7b-instruct,99,3,nlsy97,NO,75.0,True,6
openrouter/qwen/qwen-2.5-7b-instruct,9,1,nlsy97,NO,65.0,False,6
openrouter/qwen/qwen-2.5-7b-instruct,9,2,nlsy97,NO,75.0,False,6
openrouter/qwen/qwen-2.5-7b-instruct,9,3,nlsy97,NO,75.0,False,6
